numero;titulo;editora;volume;referencia_catalogo;pagina_fonte;sku;url_imagem;status_http;content_type;bytes;sha256;arquivo
1;Batman/Superman: Os Melhores do Mundo 2a Serie;Panini;2;https://www.guiadosquadrinhos.com/capas/batmansuperman-os-melhores-do-mundo-2-serie/ba011335;https://panini.com.br/batman-superman-os-melhores-do-mundo-2025-01;ABSMM001;https://d14d9vp3wdof84.cloudfront.net/image/589816272436/image_0mapa67erl4bff01dgelavg21v/-S1200-FWEBP;200;image/webp;188730;ff4883ec05cb99068049473ba3dceb66809d2bcdbc246fb60eeda844140e59db;backend/src/main/resources/META-INF/resources/capas/batman-superman-melhores-do-mundo-panini-v2/001.webp
2;Batman/Superman: Os Melhores do Mundo 2a Serie;Panini;2;https://www.guiadosquadrinhos.com/capas/batmansuperman-os-melhores-do-mundo-2-serie/ba011335;https://panini.com.br/batman-superman-os-melhores-do-mundo-2025-02;ABSMM002;https://d14d9vp3wdof84.cloudfront.net/image/589816272436/image_37qipr8gi11rp7ci87h8g6750q/-S1200-FWEBP;200;image/webp;178408;c4b1bb0d26dd8316e370fa6f985c784d6b933e346893898af6fb778f6aa43a62;backend/src/main/resources/META-INF/resources/capas/batman-superman-melhores-do-mundo-panini-v2/002.webp
3;Batman/Superman: Os Melhores do Mundo 2a Serie;Panini;2;https://www.guiadosquadrinhos.com/capas/batmansuperman-os-melhores-do-mundo-2-serie/ba011335;https://panini.com.br/batman-superman-os-melhores-do-mundo-2025-03;ABSMM003;https://d14d9vp3wdof84.cloudfront.net/image/589816272436/image_c7fl05nki16l923kbahuteeg13/-S1200-FWEBP;200;image/webp;267602;f9ddc635071db4b466dde0276774c48e28c0be396308257734c19e5a4aca0757;backend/src/main/resources/META-INF/resources/capas/batman-superman-melhores-do-mundo-panini-v2/003.webp
4;Batman/Superman: Os Melhores do Mundo 2a Serie;Panini;2;https://www.guiadosquadrinhos.com/capas/batmansuperman-os-melhores-do-mundo-2-serie/ba011335;https://panini.com.br/batman-superman-os-melhores-do-mundo-2025-04;ABSMM004;https://d14d9vp3wdof84.cloudfront.net/image/589816272436/image_96qaaotu6l2u9917o4ktpgd903/-S1200-FWEBP;200;image/webp;203244;6e16a34ad4a8bbad537dcebbbf3ca22530d3288dec215936c4f2d4944f0348ee;backend/src/main/resources/META-INF/resources/capas/batman-superman-melhores-do-mundo-panini-v2/004.webp
5;Batman/Superman: Os Melhores do Mundo 2a Serie;Panini;2;https://www.guiadosquadrinhos.com/capas/batmansuperman-os-melhores-do-mundo-2-serie/ba011335;https://panini.com.br/batman-superman-os-melhores-do-mundo-2025-05;ABSMM005;https://d14d9vp3wdof84.cloudfront.net/image/589816272436/image_rqtnddo3113ab5p35vhmu2ch2i/-S1200-FWEBP;200;image/webp;260344;710f00eed1663bff410c0332e2618e487ca0aeb64910b94cfa62e06d6367736f;backend/src/main/resources/META-INF/resources/capas/batman-superman-melhores-do-mundo-panini-v2/005.webp
6;Batman/Superman: Os Melhores do Mundo 2a Serie;Panini;2;https://www.guiadosquadrinhos.com/capas/batmansuperman-os-melhores-do-mundo-2-serie/ba011335;https://panini.com.br/batman-superman-os-melhores-do-mundo-2025-06;ABSMM006;https://d14d9vp3wdof84.cloudfront.net/image/589816272436/image_qp6s6osmop5uf0mdkt1gdvni7r/-S1200-FWEBP;200;image/webp;183572;8ae039f9aee9711011613f1cc99b6f9e826e435aee6fc9f53897f069c973c863;backend/src/main/resources/META-INF/resources/capas/batman-superman-melhores-do-mundo-panini-v2/006.webp
7;Batman/Superman: Os Melhores do Mundo 2a Serie;Panini;2;https://www.guiadosquadrinhos.com/capas/batmansuperman-os-melhores-do-mundo-2-serie/ba011335;https://panini.com.br/batman-superman-os-melhores-do-mundo-2025-07;ABSMM007;https://d14d9vp3wdof84.cloudfront.net/image/589816272436/image_sadfc17cod0ld30f4qiqm28c6c/-S1200-FWEBP;200;image/webp;293952;aa0b6e545739451bb4ee75ab16ebc0ca802d2681b053ae9476275814a08bd520;backend/src/main/resources/META-INF/resources/capas/batman-superman-melhores-do-mundo-panini-v2/007.webp
8;Batman/Superman: Os Melhores do Mundo 2a Serie;Panini;2;https://www.guiadosquadrinhos.com/capas/batmansuperman-os-melhores-do-mundo-2-serie/ba011335;https://panini.com.br/batman-superman-os-melhores-do-mundo-2025-08;ABSMM008;https://d14d9vp3wdof84.cloudfront.net/image/589816272436/image_atb0p597et7v9bichbsok9de2p/-S1200-FWEBP;200;image/webp;291210;de9e135d7a9ad33326489396bd68942abcffe97a4267f832256a7807e2ae46cd;backend/src/main/resources/META-INF/resources/capas/batman-superman-melhores-do-mundo-panini-v2/008.webp
9;Batman/Superman: Os Melhores do Mundo 2a Serie;Panini;2;https://www.guiadosquadrinhos.com/capas/batmansuperman-os-melhores-do-mundo-2-serie/ba011335;https://panini.com.br/batman-superman-os-melhores-do-mundo-2025-09;ABSMM009;https://d14d9vp3wdof84.cloudfront.net/image/589816272436/image_ouh4d14skh735euqjsp0jig66r/-S1200-FWEBP;200;image/webp;198252;b53f8023982007b7f86af4c8e63198558c3e352c34a3dcf3292b83e6f504ac80;backend/src/main/resources/META-INF/resources/capas/batman-superman-melhores-do-mundo-panini-v2/009.webp
10;Batman/Superman: Os Melhores do Mundo 2a Serie;Panini;2;https://www.guiadosquadrinhos.com/capas/batmansuperman-os-melhores-do-mundo-2-serie/ba011335;https://panini.com.br/batman-superman-os-melhores-do-mundo-2025-10;ABSMM010;https://d14d9vp3wdof84.cloudfront.net/image/589816272436/image_a1jr9n9as569l7poqk0aefrv4h/-S1200-FWEBP;200;image/webp;161092;218342a158079c44a09341939e1a2f90103af3e048450e0d993085ae560feea0;backend/src/main/resources/META-INF/resources/capas/batman-superman-melhores-do-mundo-panini-v2/010.webp
11;Batman/Superman: Os Melhores do Mundo 2a Serie;Panini;2;https://www.guiadosquadrinhos.com/capas/batmansuperman-os-melhores-do-mundo-2-serie/ba011335;https://panini.com.br/batman-superman-os-melhores-do-mundo-2025-11;ABSMM011;https://d14d9vp3wdof84.cloudfront.net/image/589816272436/image_989hfkr6c57sj7vun1v66ihk00/-S1200-FWEBP;200;image/webp;230324;38f8c860dc7252f1eb7dffdbf87d709d59228247e7741e4a344efa8c224b6f76;backend/src/main/resources/META-INF/resources/capas/batman-superman-melhores-do-mundo-panini-v2/011.webp
