numero;titulo;editora;volume;referencia_catalogo;pagina_fonte;url_imagem;status_http;content_type;largura;altura;bytes;sha256;arquivo
1;Mônica;Globo;1;https://www.guiadosquadrinhos.com/capas/monica/mo00502;https://www.getback.com.br/Monica/Monica%20Globo/01-10.htm;https://www.getback.com.br/Monica/Monica%20Globo/01-10/01.jpg;200;image/jpeg;140;200;21974;24c2d228ebdd50fb2ab64c3b28df4e0289b2c08af2e5a103d35a76ec3093769f;backend/src/main/resources/META-INF/resources/capas/monica-globo-v1/001.jpg
2;Mônica;Globo;1;https://www.guiadosquadrinhos.com/capas/monica/mo00502;https://www.getback.com.br/Monica/Monica%20Globo/01-10.htm;https://www.getback.com.br/Monica/Monica%20Globo/01-10/02.jpg;200;image/jpeg;140;200;24984;27027963fcb180b70a25132fa4bb68f2c29b12b6671dccde4cd6930c5f0c6959;backend/src/main/resources/META-INF/resources/capas/monica-globo-v1/002.jpg
3;Mônica;Globo;1;https://www.guiadosquadrinhos.com/capas/monica/mo00502;https://www.getback.com.br/Monica/Monica%20Globo/01-10.htm;https://www.getback.com.br/Monica/Monica%20Globo/01-10/03.jpg;200;image/jpeg;140;200;19531;1d115f68bea70960849614c84441d33c9f4005dfa6a52cfb314099cc3795cc2e;backend/src/main/resources/META-INF/resources/capas/monica-globo-v1/003.jpg
4;Mônica;Globo;1;https://www.guiadosquadrinhos.com/capas/monica/mo00502;https://www.getback.com.br/Monica/Monica%20Globo/01-10.htm;https://www.getback.com.br/Monica/Monica%20Globo/01-10/04.jpg;200;image/jpeg;140;200;21008;cf73385a06d0de0c8c42845e93e9ac39a7ef80f575bdabd08f23c404ee7914c8;backend/src/main/resources/META-INF/resources/capas/monica-globo-v1/004.jpg
5;Mônica;Globo;1;https://www.guiadosquadrinhos.com/capas/monica/mo00502;https://www.getback.com.br/Monica/Monica%20Globo/01-10.htm;https://www.getback.com.br/Monica/Monica%20Globo/01-10/05.jpg;200;image/jpeg;140;200;22789;ecacb762e90b27046c1492bb3999f8c33fb2dafb7a5a5342a4e0a0cbb040258f;backend/src/main/resources/META-INF/resources/capas/monica-globo-v1/005.jpg
6;Mônica;Globo;1;https://www.guiadosquadrinhos.com/capas/monica/mo00502;https://www.getback.com.br/Monica/Monica%20Globo/01-10.htm;https://www.getback.com.br/Monica/Monica%20Globo/01-10/06.jpg;200;image/jpeg;140;200;18445;7f973b4b160ec8b52d7eaa9fda0797d5feb26e5f44a9bd7002d7f8ee1c20218c;backend/src/main/resources/META-INF/resources/capas/monica-globo-v1/006.jpg
7;Mônica;Globo;1;https://www.guiadosquadrinhos.com/capas/monica/mo00502;https://www.getback.com.br/Monica/Monica%20Globo/01-10.htm;https://www.getback.com.br/Monica/Monica%20Globo/01-10/07.jpg;200;image/jpeg;140;200;22545;0e334e38772f9295c970d91e18ddfed0ab208cfc7cef471f8e89f2219440cd02;backend/src/main/resources/META-INF/resources/capas/monica-globo-v1/007.jpg
8;Mônica;Globo;1;https://www.guiadosquadrinhos.com/capas/monica/mo00502;https://www.getback.com.br/Monica/Monica%20Globo/01-10.htm;https://www.getback.com.br/Monica/Monica%20Globo/01-10/08.jpg;200;image/jpeg;140;200;21052;9028e8fb67b29a232bbbeff3c888f8e541fbafd6db6fbbb261ca4c2a3f589be3;backend/src/main/resources/META-INF/resources/capas/monica-globo-v1/008.jpg
9;Mônica;Globo;1;https://www.guiadosquadrinhos.com/capas/monica/mo00502;https://www.getback.com.br/Monica/Monica%20Globo/01-10.htm;https://www.getback.com.br/Monica/Monica%20Globo/01-10/09.jpg;200;image/jpeg;140;200;22254;f1df3865f1b861e029fe502ac170f89979b11478d8658b5f3807bfc15b7565d1;backend/src/main/resources/META-INF/resources/capas/monica-globo-v1/009.jpg
10;Mônica;Globo;1;https://www.guiadosquadrinhos.com/capas/monica/mo00502;https://www.getback.com.br/Monica/Monica%20Globo/01-10.htm;https://www.getback.com.br/Monica/Monica%20Globo/01-10/10.jpg;200;image/jpeg;140;200;23437;80a22c68a15530a18b96feec32f7e853508055348c6017db57b899092df7978b;backend/src/main/resources/META-INF/resources/capas/monica-globo-v1/010.jpg
11;Mônica;Globo;1;https://www.guiadosquadrinhos.com/capas/monica/mo00502;https://www.getback.com.br/Monica/Monica%20Globo/11-20.htm;https://www.getback.com.br/Monica/Monica%20Globo/11-20/11.jpg;200;image/jpeg;140;200;21668;744e2dc5cd485c88fb5714a2f283f287d0a3d67cf296aa7bab7ed75acf4a715d;backend/src/main/resources/META-INF/resources/capas/monica-globo-v1/011.jpg
12;Mônica;Globo;1;https://www.guiadosquadrinhos.com/capas/monica/mo00502;https://www.getback.com.br/Monica/Monica%20Globo/11-20.htm;https://www.getback.com.br/Monica/Monica%20Globo/11-20/12.jpg;200;image/jpeg;140;200;24546;a1bdc45028d0364f49e5193fef6142a1d0f770bb1b79422cd673d531399123ad;backend/src/main/resources/META-INF/resources/capas/monica-globo-v1/012.jpg
13;Mônica;Globo;1;https://www.guiadosquadrinhos.com/capas/monica/mo00502;https://www.getback.com.br/Monica/Monica%20Globo/11-20.htm;https://www.getback.com.br/Monica/Monica%20Globo/11-20/13.jpg;200;image/jpeg;140;200;25805;b97691c9c82de49da3fac6a2ffaa65b3aa3539d81be2a16a53c62785ecbe0bf7;backend/src/main/resources/META-INF/resources/capas/monica-globo-v1/013.jpg
14;Mônica;Globo;1;https://www.guiadosquadrinhos.com/capas/monica/mo00502;https://www.getback.com.br/Monica/Monica%20Globo/11-20.htm;https://www.getback.com.br/Monica/Monica%20Globo/11-20/14.jpg;200;image/jpeg;140;200;23688;df9ff5a1c256622bda5de625b2521acf1ee226793b67b2311ad2f16965d36584;backend/src/main/resources/META-INF/resources/capas/monica-globo-v1/014.jpg
15;Mônica;Globo;1;https://www.guiadosquadrinhos.com/capas/monica/mo00502;https://www.getback.com.br/Monica/Monica%20Globo/11-20.htm;https://www.getback.com.br/Monica/Monica%20Globo/11-20/15.jpg;200;image/jpeg;140;200;24072;9a02829adc4537730b80aafae696b47482343e4341db8befcf705994aa48ed8c;backend/src/main/resources/META-INF/resources/capas/monica-globo-v1/015.jpg
16;Mônica;Globo;1;https://www.guiadosquadrinhos.com/capas/monica/mo00502;https://www.getback.com.br/Monica/Monica%20Globo/11-20.htm;https://www.getback.com.br/Monica/Monica%20Globo/11-20/16.jpg;200;image/jpeg;140;200;25714;986e49d58fe9e89946ddff8c14ff9f21e242964d9f816d1363d6ce747a4db478;backend/src/main/resources/META-INF/resources/capas/monica-globo-v1/016.jpg
17;Mônica;Globo;1;https://www.guiadosquadrinhos.com/capas/monica/mo00502;https://www.getback.com.br/Monica/Monica%20Globo/11-20.htm;https://www.getback.com.br/Monica/Monica%20Globo/11-20/17.jpg;200;image/jpeg;140;200;22329;0466bfb9804c202b2fba1c0928db6f4a8747072e4ec7afa29aed951e38b06664;backend/src/main/resources/META-INF/resources/capas/monica-globo-v1/017.jpg
18;Mônica;Globo;1;https://www.guiadosquadrinhos.com/capas/monica/mo00502;https://www.getback.com.br/Monica/Monica%20Globo/11-20.htm;https://www.getback.com.br/Monica/Monica%20Globo/11-20/18.jpg;200;image/jpeg;140;200;20148;39e113edfe815c4d1158201993454c3d9266fe2d8eb1c33b50f82c0d874addd1;backend/src/main/resources/META-INF/resources/capas/monica-globo-v1/018.jpg
19;Mônica;Globo;1;https://www.guiadosquadrinhos.com/capas/monica/mo00502;https://www.getback.com.br/Monica/Monica%20Globo/11-20.htm;https://www.getback.com.br/Monica/Monica%20Globo/11-20/19.jpg;200;image/jpeg;140;200;23928;30fb80ce8eb1f9032ff833568cf1d4ad7536367fa4678a03d2bdf33934d2ea36;backend/src/main/resources/META-INF/resources/capas/monica-globo-v1/019.jpg
20;Mônica;Globo;1;https://www.guiadosquadrinhos.com/capas/monica/mo00502;https://www.getback.com.br/Monica/Monica%20Globo/11-20.htm;https://www.getback.com.br/Monica/Monica%20Globo/11-20/20.jpg;200;image/jpeg;140;200;19167;8ac074f2dc957c68dac2bb2f08a8c4487e7c827dec36b91ed9e9059331a9a87b;backend/src/main/resources/META-INF/resources/capas/monica-globo-v1/020.jpg
21;Mônica;Globo;1;https://www.guiadosquadrinhos.com/capas/monica/mo00502;https://www.getback.com.br/Monica/Monica%20Globo/21-30%20.htm;https://www.getback.com.br/Monica/Monica%20Globo/21-30/21.jpg;200;image/jpeg;140;200;22909;91d7b256fca266aeaf148d3a6c22aa590722c941873f06ee4db3d979479b93b7;backend/src/main/resources/META-INF/resources/capas/monica-globo-v1/021.jpg
22;Mônica;Globo;1;https://www.guiadosquadrinhos.com/capas/monica/mo00502;https://www.getback.com.br/Monica/Monica%20Globo/21-30%20.htm;https://www.getback.com.br/Monica/Monica%20Globo/21-30/22.jpg;200;image/jpeg;140;200;22131;d0c515bf724845ab27e6af8c74e4cbf69afdfe5add9348a59038b0bba4f93c89;backend/src/main/resources/META-INF/resources/capas/monica-globo-v1/022.jpg
23;Mônica;Globo;1;https://www.guiadosquadrinhos.com/capas/monica/mo00502;https://www.getback.com.br/Monica/Monica%20Globo/21-30%20.htm;https://www.getback.com.br/Monica/Monica%20Globo/21-30/23.jpg;200;image/jpeg;140;200;23799;8e4175a9d14e45010114efc18563e2007a6d62cf110340a1a72d0dad55a2a33d;backend/src/main/resources/META-INF/resources/capas/monica-globo-v1/023.jpg
24;Mônica;Globo;1;https://www.guiadosquadrinhos.com/capas/monica/mo00502;https://www.getback.com.br/Monica/Monica%20Globo/21-30%20.htm;https://www.getback.com.br/Monica/Monica%20Globo/21-30/24.jpg;200;image/jpeg;140;200;21328;7c01f1df389c4fdcb3eb4511f6fc353ad6c0302efceb2a4976bb7017c22f6124;backend/src/main/resources/META-INF/resources/capas/monica-globo-v1/024.jpg
25;Mônica;Globo;1;https://www.guiadosquadrinhos.com/capas/monica/mo00502;https://www.getback.com.br/Monica/Monica%20Globo/21-30%20.htm;https://www.getback.com.br/Monica/Monica%20Globo/21-30/25.jpg;200;image/jpeg;140;200;23753;1435acbdc1d9f7fecdbc357e3ed2fb00926485f349883a272cea77691d6ce5d3;backend/src/main/resources/META-INF/resources/capas/monica-globo-v1/025.jpg
26;Mônica;Globo;1;https://www.guiadosquadrinhos.com/capas/monica/mo00502;https://www.getback.com.br/Monica/Monica%20Globo/21-30%20.htm;https://www.getback.com.br/Monica/Monica%20Globo/21-30/26.jpg;200;image/jpeg;140;200;23850;ebfec98b8a5c92b9bd32f8cd6c65bedb92d493bf6b18bd9bdbc67decdd2cfbfd;backend/src/main/resources/META-INF/resources/capas/monica-globo-v1/026.jpg
27;Mônica;Globo;1;https://www.guiadosquadrinhos.com/capas/monica/mo00502;https://www.getback.com.br/Monica/Monica%20Globo/21-30%20.htm;https://www.getback.com.br/Monica/Monica%20Globo/21-30/27.jpg;200;image/jpeg;140;200;18722;575a6c2b51373c99e984c887425433d3c39045dfa729349b7c3ff614749f4574;backend/src/main/resources/META-INF/resources/capas/monica-globo-v1/027.jpg
28;Mônica;Globo;1;https://www.guiadosquadrinhos.com/capas/monica/mo00502;https://www.getback.com.br/Monica/Monica%20Globo/21-30%20.htm;https://www.getback.com.br/Monica/Monica%20Globo/21-30/28.jpg;200;image/jpeg;140;200;23934;634d917d71b82617124802379407218be1a4ce70a54149d26bf8ac1ef068f47d;backend/src/main/resources/META-INF/resources/capas/monica-globo-v1/028.jpg
29;Mônica;Globo;1;https://www.guiadosquadrinhos.com/capas/monica/mo00502;https://www.getback.com.br/Monica/Monica%20Globo/21-30%20.htm;https://www.getback.com.br/Monica/Monica%20Globo/21-30/29.jpg;200;image/jpeg;140;200;24117;34e827c75d9b8b152478f6efb447dd5a3dc0fc5d2778f8a6697fabd6446e4dba;backend/src/main/resources/META-INF/resources/capas/monica-globo-v1/029.jpg
30;Mônica;Globo;1;https://www.guiadosquadrinhos.com/capas/monica/mo00502;https://www.getback.com.br/Monica/Monica%20Globo/21-30%20.htm;https://www.getback.com.br/Monica/Monica%20Globo/21-30/30.jpg;200;image/jpeg;140;200;21792;088227d4d3bfb526baea3649a7beccb4d449603ad2f686e99ecadb9a9eaa33f8;backend/src/main/resources/META-INF/resources/capas/monica-globo-v1/030.jpg
31;Mônica;Globo;1;https://www.guiadosquadrinhos.com/capas/monica/mo00502;https://www.getback.com.br/Monica/Monica%20Globo/31-40.htm;https://www.getback.com.br/Monica/Monica%20Globo/31-40/31.jpg;200;image/jpeg;140;200;24624;9566c336648dc2ae520fd71e7a81e6137ffdffb6597618aaf345978249cbdc02;backend/src/main/resources/META-INF/resources/capas/monica-globo-v1/031.jpg
32;Mônica;Globo;1;https://www.guiadosquadrinhos.com/capas/monica/mo00502;https://www.getback.com.br/Monica/Monica%20Globo/31-40.htm;https://www.getback.com.br/Monica/Monica%20Globo/31-40/32.jpg;200;image/jpeg;140;200;23218;4e322f36cef8e9e1dcb8ef0b1552c527780f85a186254a179da9ae77f7d903a0;backend/src/main/resources/META-INF/resources/capas/monica-globo-v1/032.jpg
33;Mônica;Globo;1;https://www.guiadosquadrinhos.com/capas/monica/mo00502;https://www.getback.com.br/Monica/Monica%20Globo/31-40.htm;https://www.getback.com.br/Monica/Monica%20Globo/31-40/33.jpg;200;image/jpeg;140;200;23060;c9831fd1fb040fe84581b3449c6eeb212f30de54c09fd4dfd7fe8c94e4f2d67d;backend/src/main/resources/META-INF/resources/capas/monica-globo-v1/033.jpg
34;Mônica;Globo;1;https://www.guiadosquadrinhos.com/capas/monica/mo00502;https://www.getback.com.br/Monica/Monica%20Globo/31-40.htm;https://www.getback.com.br/Monica/Monica%20Globo/31-40/34.jpg;200;image/jpeg;140;200;24306;3f87a40db18196cffee45448c0a8b4e78ffa5219fb137932b0aaf2f38618ecdd;backend/src/main/resources/META-INF/resources/capas/monica-globo-v1/034.jpg
35;Mônica;Globo;1;https://www.guiadosquadrinhos.com/capas/monica/mo00502;https://www.getback.com.br/Monica/Monica%20Globo/31-40.htm;https://www.getback.com.br/Monica/Monica%20Globo/31-40/35.jpg;200;image/jpeg;140;200;21161;72ee929bf51d792e03f10b5843c0addfa80456aa18b7b184894d554e53af7d60;backend/src/main/resources/META-INF/resources/capas/monica-globo-v1/035.jpg
36;Mônica;Globo;1;https://www.guiadosquadrinhos.com/capas/monica/mo00502;https://www.getback.com.br/Monica/Monica%20Globo/31-40.htm;https://www.getback.com.br/Monica/Monica%20Globo/31-40/36.jpg;200;image/jpeg;140;200;21100;cad0f6cb24b31824683feeb02fda18dc1d31da301b8631490e91c1d74ab3cd26;backend/src/main/resources/META-INF/resources/capas/monica-globo-v1/036.jpg
37;Mônica;Globo;1;https://www.guiadosquadrinhos.com/capas/monica/mo00502;https://www.getback.com.br/Monica/Monica%20Globo/31-40.htm;https://www.getback.com.br/Monica/Monica%20Globo/31-40/37.jpg;200;image/jpeg;140;200;22226;a522ed964506212aff922250c3af527a0c8c33051f6a39aedbd37913016a9aa4;backend/src/main/resources/META-INF/resources/capas/monica-globo-v1/037.jpg
38;Mônica;Globo;1;https://www.guiadosquadrinhos.com/capas/monica/mo00502;https://www.getback.com.br/Monica/Monica%20Globo/31-40.htm;https://www.getback.com.br/Monica/Monica%20Globo/31-40/38.jpg;200;image/jpeg;140;200;23133;4b360d5c8560420941e4358d5b69d536992368d929cde33443f8b4cc64fae1fd;backend/src/main/resources/META-INF/resources/capas/monica-globo-v1/038.jpg
39;Mônica;Globo;1;https://www.guiadosquadrinhos.com/capas/monica/mo00502;https://www.getback.com.br/Monica/Monica%20Globo/31-40.htm;https://www.getback.com.br/Monica/Monica%20Globo/31-40/39.jpg;200;image/jpeg;140;200;23034;e0cacfbbc3adbb7723013c07852e000a8bbec81fd66f6d61ba69836354c59579;backend/src/main/resources/META-INF/resources/capas/monica-globo-v1/039.jpg
40;Mônica;Globo;1;https://www.guiadosquadrinhos.com/capas/monica/mo00502;https://www.getback.com.br/Monica/Monica%20Globo/31-40.htm;https://www.getback.com.br/Monica/Monica%20Globo/31-40/40.jpg;200;image/jpeg;140;200;25591;704c98ad35352e34ff9f15f5ebeed604531965c2519056944fc5ae5ea92845d5;backend/src/main/resources/META-INF/resources/capas/monica-globo-v1/040.jpg
41;Mônica;Globo;1;https://www.guiadosquadrinhos.com/capas/monica/mo00502;https://www.getback.com.br/Monica/Monica%20Globo/41-50%20.htm;https://www.getback.com.br/Monica/Monica%20Globo/41-50/41.jpg;200;image/jpeg;140;200;23603;1328cbb63fac7fd6efe192e60b03c1d84bd5ef91cd16b1c6ce22251bdd1ff4b6;backend/src/main/resources/META-INF/resources/capas/monica-globo-v1/041.jpg
42;Mônica;Globo;1;https://www.guiadosquadrinhos.com/capas/monica/mo00502;https://www.getback.com.br/Monica/Monica%20Globo/41-50%20.htm;https://www.getback.com.br/Monica/Monica%20Globo/41-50/42.jpg;200;image/jpeg;140;200;25369;83cb10d4d7f14a3c337acbc2148c740ab88e1d0ec72ea61855f924026710645f;backend/src/main/resources/META-INF/resources/capas/monica-globo-v1/042.jpg
43;Mônica;Globo;1;https://www.guiadosquadrinhos.com/capas/monica/mo00502;https://www.getback.com.br/Monica/Monica%20Globo/41-50%20.htm;https://www.getback.com.br/Monica/Monica%20Globo/41-50/43.jpg;200;image/jpeg;140;200;23121;f00a0a109488d7c914b02264a1dfe9ce4e95cd4359127a0e7b3cf5dbaf11eb7d;backend/src/main/resources/META-INF/resources/capas/monica-globo-v1/043.jpg
44;Mônica;Globo;1;https://www.guiadosquadrinhos.com/capas/monica/mo00502;https://www.getback.com.br/Monica/Monica%20Globo/41-50%20.htm;https://www.getback.com.br/Monica/Monica%20Globo/41-50/44.jpg;200;image/jpeg;140;200;24108;1083da5e00f235e36de798c59833634ab3afbc784146bf511f616a5ac66575e3;backend/src/main/resources/META-INF/resources/capas/monica-globo-v1/044.jpg
45;Mônica;Globo;1;https://www.guiadosquadrinhos.com/capas/monica/mo00502;https://www.getback.com.br/Monica/Monica%20Globo/41-50%20.htm;https://www.getback.com.br/Monica/Monica%20Globo/41-50/45.jpg;200;image/jpeg;140;200;22606;02a3935545e15fe00d0a67666cc1ad588d319dbda3e0fcd8ccfc1970ad6f42e2;backend/src/main/resources/META-INF/resources/capas/monica-globo-v1/045.jpg
46;Mônica;Globo;1;https://www.guiadosquadrinhos.com/capas/monica/mo00502;https://www.getback.com.br/Monica/Monica%20Globo/41-50%20.htm;https://www.getback.com.br/Monica/Monica%20Globo/41-50/46.jpg;200;image/jpeg;140;200;21901;3015241d53383186c780298770348cce9f707e10a83a5cddba34ab3690853c0f;backend/src/main/resources/META-INF/resources/capas/monica-globo-v1/046.jpg
47;Mônica;Globo;1;https://www.guiadosquadrinhos.com/capas/monica/mo00502;https://www.getback.com.br/Monica/Monica%20Globo/41-50%20.htm;https://www.getback.com.br/Monica/Monica%20Globo/41-50/47.jpg;200;image/jpeg;140;200;22047;002f5b71a89f68cf0b0523292bfaa18d8d8fce7285860c4fa772ce262ebbfbd9;backend/src/main/resources/META-INF/resources/capas/monica-globo-v1/047.jpg
48;Mônica;Globo;1;https://www.guiadosquadrinhos.com/capas/monica/mo00502;https://www.getback.com.br/Monica/Monica%20Globo/41-50%20.htm;https://www.getback.com.br/Monica/Monica%20Globo/41-50/48.jpg;200;image/jpeg;140;200;21026;873c4a77b5d3c4e912983ef03da344b2100c3e4387687b1624d4d2ffb262ca53;backend/src/main/resources/META-INF/resources/capas/monica-globo-v1/048.jpg
49;Mônica;Globo;1;https://www.guiadosquadrinhos.com/capas/monica/mo00502;https://www.getback.com.br/Monica/Monica%20Globo/41-50%20.htm;https://www.getback.com.br/Monica/Monica%20Globo/41-50/49.jpg;200;image/jpeg;140;200;23461;53015094200e0c2bddf4758a5cc6e88fcc94fbc2251516817d07b3d0e690f7b8;backend/src/main/resources/META-INF/resources/capas/monica-globo-v1/049.jpg
50;Mônica;Globo;1;https://www.guiadosquadrinhos.com/capas/monica/mo00502;https://www.getback.com.br/Monica/Monica%20Globo/41-50%20.htm;https://www.getback.com.br/Monica/Monica%20Globo/41-50/50.jpg;200;image/jpeg;140;200;23851;04c519b03a34c5c3ced9bc677b9b61c1ee1d64773ebf48c2f8f35b078ed7768a;backend/src/main/resources/META-INF/resources/capas/monica-globo-v1/050.jpg
51;Mônica;Globo;1;https://www.guiadosquadrinhos.com/capas/monica/mo00502;https://www.getback.com.br/Monica/Monica%20Globo/51-60.htm;https://www.getback.com.br/Monica/Monica%20Globo/51-60/51.jpg;200;image/jpeg;140;200;23775;e8acf32298e22e0d6a1ce1c8452a24c1e24aa21f980437a1c43fd8f35b3cc87f;backend/src/main/resources/META-INF/resources/capas/monica-globo-v1/051.jpg
52;Mônica;Globo;1;https://www.guiadosquadrinhos.com/capas/monica/mo00502;https://www.getback.com.br/Monica/Monica%20Globo/51-60.htm;https://www.getback.com.br/Monica/Monica%20Globo/51-60/52.jpg;200;image/jpeg;140;200;22179;8725de42824a99db8522ada9d0369e7125be1718a284ccdf7f888858f7724444;backend/src/main/resources/META-INF/resources/capas/monica-globo-v1/052.jpg
53;Mônica;Globo;1;https://www.guiadosquadrinhos.com/capas/monica/mo00502;https://www.getback.com.br/Monica/Monica%20Globo/51-60.htm;https://www.getback.com.br/Monica/Monica%20Globo/51-60/53.jpg;200;image/jpeg;140;200;24127;4de781323714138df5a35bfd4e99f42ce4b8df574fd118ea08004f03b438bdc0;backend/src/main/resources/META-INF/resources/capas/monica-globo-v1/053.jpg
54;Mônica;Globo;1;https://www.guiadosquadrinhos.com/capas/monica/mo00502;https://www.getback.com.br/Monica/Monica%20Globo/51-60.htm;https://www.getback.com.br/Monica/Monica%20Globo/51-60/54.jpg;200;image/jpeg;140;200;24499;34bcc3a7b8bd8db7cc481a6939becccc27b3d97220d9fe8fa0709e147efd28a4;backend/src/main/resources/META-INF/resources/capas/monica-globo-v1/054.jpg
55;Mônica;Globo;1;https://www.guiadosquadrinhos.com/capas/monica/mo00502;https://www.getback.com.br/Monica/Monica%20Globo/51-60.htm;https://www.getback.com.br/Monica/Monica%20Globo/51-60/55.jpg;200;image/jpeg;140;200;19639;1f469949db79d065773e52c0515ef833de12f3591de5e489bd0da0069de0dcdd;backend/src/main/resources/META-INF/resources/capas/monica-globo-v1/055.jpg
56;Mônica;Globo;1;https://www.guiadosquadrinhos.com/capas/monica/mo00502;https://www.getback.com.br/Monica/Monica%20Globo/51-60.htm;https://www.getback.com.br/Monica/Monica%20Globo/51-60/56.jpg;200;image/jpeg;140;200;24114;b0feddac41b4ff7adbc932e5ded02e4058169d6b2cb0dbfa3b302a64022c51f6;backend/src/main/resources/META-INF/resources/capas/monica-globo-v1/056.jpg
57;Mônica;Globo;1;https://www.guiadosquadrinhos.com/capas/monica/mo00502;https://www.getback.com.br/Monica/Monica%20Globo/51-60.htm;https://www.getback.com.br/Monica/Monica%20Globo/51-60/57.jpg;200;image/jpeg;140;200;23797;9e4cc20a5df98febbb7efff26a58e39b8c1d8c24532f69220fec32e2b389d46b;backend/src/main/resources/META-INF/resources/capas/monica-globo-v1/057.jpg
58;Mônica;Globo;1;https://www.guiadosquadrinhos.com/capas/monica/mo00502;https://www.getback.com.br/Monica/Monica%20Globo/51-60.htm;https://www.getback.com.br/Monica/Monica%20Globo/51-60/58.jpg;200;image/jpeg;140;200;24578;2f530ffb14fbe15f1889a8768afca6b87615881e9335830995e4248892c0bcff;backend/src/main/resources/META-INF/resources/capas/monica-globo-v1/058.jpg
59;Mônica;Globo;1;https://www.guiadosquadrinhos.com/capas/monica/mo00502;https://www.getback.com.br/Monica/Monica%20Globo/51-60.htm;https://www.getback.com.br/Monica/Monica%20Globo/51-60/59.jpg;200;image/jpeg;140;200;24959;c8ed6e08ca77cf14b10e6e070113eaccfd3173745a503082771ae491fa80c23f;backend/src/main/resources/META-INF/resources/capas/monica-globo-v1/059.jpg
60;Mônica;Globo;1;https://www.guiadosquadrinhos.com/capas/monica/mo00502;https://www.getback.com.br/Monica/Monica%20Globo/51-60.htm;https://www.getback.com.br/Monica/Monica%20Globo/51-60/60.jpg;200;image/jpeg;140;200;25518;3ffe862c9e0f9e7f2ab81527f6e9d1503c4b88eeed7536ef72db849fda52c653;backend/src/main/resources/META-INF/resources/capas/monica-globo-v1/060.jpg
61;Mônica;Globo;1;https://www.guiadosquadrinhos.com/capas/monica/mo00502;https://www.getback.com.br/Monica/Monica%20Globo/61-70%20.htm;https://www.getback.com.br/Monica/Monica%20Globo/61-70/61.jpg;200;image/jpeg;140;200;21319;7855e58c98a69a1e36206d9266540c4c1118ceb05bbe4c6d080dfd4bf18b5712;backend/src/main/resources/META-INF/resources/capas/monica-globo-v1/061.jpg
62;Mônica;Globo;1;https://www.guiadosquadrinhos.com/capas/monica/mo00502;https://www.getback.com.br/Monica/Monica%20Globo/61-70%20.htm;https://www.getback.com.br/Monica/Monica%20Globo/61-70/62.jpg;200;image/jpeg;140;200;24030;5e1e38eadbe6db609be7e9099bf6b8c686909986ab6b366d25ea91559c57db50;backend/src/main/resources/META-INF/resources/capas/monica-globo-v1/062.jpg
63;Mônica;Globo;1;https://www.guiadosquadrinhos.com/capas/monica/mo00502;https://www.getback.com.br/Monica/Monica%20Globo/61-70%20.htm;https://www.getback.com.br/Monica/Monica%20Globo/61-70/63.jpg;200;image/jpeg;140;200;23477;94ea1c023335366c6a6d36dc846d9504fc71c2525a67e0749f6fa31adaeb8161;backend/src/main/resources/META-INF/resources/capas/monica-globo-v1/063.jpg
64;Mônica;Globo;1;https://www.guiadosquadrinhos.com/capas/monica/mo00502;https://www.getback.com.br/Monica/Monica%20Globo/61-70%20.htm;https://www.getback.com.br/Monica/Monica%20Globo/61-70/64.jpg;200;image/jpeg;140;200;23565;36815172b9a7d8e32c892b87794ef3de04e966ce365bbaf2cdf341c520f723ca;backend/src/main/resources/META-INF/resources/capas/monica-globo-v1/064.jpg
65;Mônica;Globo;1;https://www.guiadosquadrinhos.com/capas/monica/mo00502;https://www.getback.com.br/Monica/Monica%20Globo/61-70%20.htm;https://www.getback.com.br/Monica/Monica%20Globo/61-70/65.jpg;200;image/jpeg;140;200;25056;9be888a8f57ee2d10cb47a8e4b389ff437816a2164e36d2fc811c93229d7420b;backend/src/main/resources/META-INF/resources/capas/monica-globo-v1/065.jpg
66;Mônica;Globo;1;https://www.guiadosquadrinhos.com/capas/monica/mo00502;https://www.getback.com.br/Monica/Monica%20Globo/61-70%20.htm;https://www.getback.com.br/Monica/Monica%20Globo/61-70/66.jpg;200;image/jpeg;140;200;24005;5d766b2427c7f90b4dde9298ef8862701d28ac5d129dd0087dc184ac7b244f32;backend/src/main/resources/META-INF/resources/capas/monica-globo-v1/066.jpg
67;Mônica;Globo;1;https://www.guiadosquadrinhos.com/capas/monica/mo00502;https://www.getback.com.br/Monica/Monica%20Globo/61-70%20.htm;https://www.getback.com.br/Monica/Monica%20Globo/61-70/67.jpg;200;image/jpeg;140;200;24828;81c08cfe1f66dde40d793a1e09eed5ffbc5912f3d54d9bb872d023bdbadf0853;backend/src/main/resources/META-INF/resources/capas/monica-globo-v1/067.jpg
68;Mônica;Globo;1;https://www.guiadosquadrinhos.com/capas/monica/mo00502;https://www.getback.com.br/Monica/Monica%20Globo/61-70%20.htm;https://www.getback.com.br/Monica/Monica%20Globo/61-70/68.jpg;200;image/jpeg;140;200;23635;d62f4907d8ba0b60a15f3dd4ab1b93374223fa9458f270bead8a48e27bfd842a;backend/src/main/resources/META-INF/resources/capas/monica-globo-v1/068.jpg
69;Mônica;Globo;1;https://www.guiadosquadrinhos.com/capas/monica/mo00502;https://www.getback.com.br/Monica/Monica%20Globo/61-70%20.htm;https://www.getback.com.br/Monica/Monica%20Globo/61-70/69.jpg;200;image/jpeg;140;200;20875;c9ddf14e19603c718c4e4ca010ffce531b7001ce8cf3975c519e377cc8877d62;backend/src/main/resources/META-INF/resources/capas/monica-globo-v1/069.jpg
70;Mônica;Globo;1;https://www.guiadosquadrinhos.com/capas/monica/mo00502;https://www.getback.com.br/Monica/Monica%20Globo/61-70%20.htm;https://www.getback.com.br/Monica/Monica%20Globo/61-70/70.jpg;200;image/jpeg;140;200;25256;a0a7bbc2c68a597dec210bb857008d659952d22ea595a3d37acfbfd0b9ba6f29;backend/src/main/resources/META-INF/resources/capas/monica-globo-v1/070.jpg
71;Mônica;Globo;1;https://www.guiadosquadrinhos.com/capas/monica/mo00502;https://www.getback.com.br/Monica/Monica%20Globo/71-80.htm;https://www.getback.com.br/Monica/Monica%20Globo/71-80/71.jpg;200;image/jpeg;140;200;24145;e3c21b0182122429efd91ac76f4b35f261f9c1b7800f06ee15d288d6567d053c;backend/src/main/resources/META-INF/resources/capas/monica-globo-v1/071.jpg
72;Mônica;Globo;1;https://www.guiadosquadrinhos.com/capas/monica/mo00502;https://www.getback.com.br/Monica/Monica%20Globo/71-80.htm;https://www.getback.com.br/Monica/Monica%20Globo/71-80/72.jpg;200;image/jpeg;140;200;25088;3cc7ef103fa915067d01b507eabb534de003382341df8ed7849f562232a9bbf3;backend/src/main/resources/META-INF/resources/capas/monica-globo-v1/072.jpg
73;Mônica;Globo;1;https://www.guiadosquadrinhos.com/capas/monica/mo00502;https://www.getback.com.br/Monica/Monica%20Globo/71-80.htm;https://www.getback.com.br/Monica/Monica%20Globo/71-80/73.jpg;200;image/jpeg;140;200;24368;806fe95d78deda8bca5b2b723ba39ab5e750bb50fc9964d30194ae2cd270a334;backend/src/main/resources/META-INF/resources/capas/monica-globo-v1/073.jpg
74;Mônica;Globo;1;https://www.guiadosquadrinhos.com/capas/monica/mo00502;https://www.getback.com.br/Monica/Monica%20Globo/71-80.htm;https://www.getback.com.br/Monica/Monica%20Globo/71-80/74.jpg;200;image/jpeg;140;200;22577;535f3c24c1ee7a049edc801d5a50551495fda87fcbbf15fda4d022e15defe458;backend/src/main/resources/META-INF/resources/capas/monica-globo-v1/074.jpg
75;Mônica;Globo;1;https://www.guiadosquadrinhos.com/capas/monica/mo00502;https://www.getback.com.br/Monica/Monica%20Globo/71-80.htm;https://www.getback.com.br/Monica/Monica%20Globo/71-80/75.jpg;200;image/jpeg;140;200;23561;d2dc20367c1f07bf0707304fe86731d8acd10935cb2b1b65bb8bbf99af1203a9;backend/src/main/resources/META-INF/resources/capas/monica-globo-v1/075.jpg
76;Mônica;Globo;1;https://www.guiadosquadrinhos.com/capas/monica/mo00502;https://www.getback.com.br/Monica/Monica%20Globo/71-80.htm;https://www.getback.com.br/Monica/Monica%20Globo/71-80/76.jpg;200;image/jpeg;140;200;23987;2b00a2648d01a329d0dc7c21d8c442c9cd828d75dbb60ec567e6fd3460b4e57b;backend/src/main/resources/META-INF/resources/capas/monica-globo-v1/076.jpg
77;Mônica;Globo;1;https://www.guiadosquadrinhos.com/capas/monica/mo00502;https://www.getback.com.br/Monica/Monica%20Globo/71-80.htm;https://www.getback.com.br/Monica/Monica%20Globo/71-80/77.jpg;200;image/jpeg;140;200;23664;615b017cd1d776f5b2f5d646e35f07772b040df8a25ade2654f6545f60979164;backend/src/main/resources/META-INF/resources/capas/monica-globo-v1/077.jpg
78;Mônica;Globo;1;https://www.guiadosquadrinhos.com/capas/monica/mo00502;https://www.getback.com.br/Monica/Monica%20Globo/71-80.htm;https://www.getback.com.br/Monica/Monica%20Globo/71-80/78.jpg;200;image/jpeg;140;200;25113;a13e7f72c47c4f85ee8db61961209d14ac3b9a6ae5a9bfcc28ee18f8a54027dc;backend/src/main/resources/META-INF/resources/capas/monica-globo-v1/078.jpg
79;Mônica;Globo;1;https://www.guiadosquadrinhos.com/capas/monica/mo00502;https://www.getback.com.br/Monica/Monica%20Globo/71-80.htm;https://www.getback.com.br/Monica/Monica%20Globo/71-80/79.jpg;200;image/jpeg;140;200;25600;f42b78b26bf7f77b0063b4c82494f66bc76ae719971ffccc055244c5282ffccc;backend/src/main/resources/META-INF/resources/capas/monica-globo-v1/079.jpg
80;Mônica;Globo;1;https://www.guiadosquadrinhos.com/capas/monica/mo00502;https://www.getback.com.br/Monica/Monica%20Globo/71-80.htm;https://www.getback.com.br/Monica/Monica%20Globo/71-80/80.jpg;200;image/jpeg;140;200;24936;3297f09ddad3341b3e9bbb3738cdcaf5040f33460c68363ccd3b30e2cbd2cbfb;backend/src/main/resources/META-INF/resources/capas/monica-globo-v1/080.jpg
81;Mônica;Globo;1;https://www.guiadosquadrinhos.com/capas/monica/mo00502;https://www.getback.com.br/Monica/Monica%20Globo/81-90%20.htm;https://www.getback.com.br/Monica/Monica%20Globo/81-90/81.jpg;200;image/jpeg;140;200;22968;658fc9510c95b2bf6dd963ae88b25d5a1465698c949384125da0d3225eac457a;backend/src/main/resources/META-INF/resources/capas/monica-globo-v1/081.jpg
82;Mônica;Globo;1;https://www.guiadosquadrinhos.com/capas/monica/mo00502;https://www.getback.com.br/Monica/Monica%20Globo/81-90%20.htm;https://www.getback.com.br/Monica/Monica%20Globo/81-90/82.jpg;200;image/jpeg;140;200;25799;f28d7cb63c37ce0bdb40c8eb35cbdbbf38e30b231caf908670b285eb77173421;backend/src/main/resources/META-INF/resources/capas/monica-globo-v1/082.jpg
83;Mônica;Globo;1;https://www.guiadosquadrinhos.com/capas/monica/mo00502;https://www.getback.com.br/Monica/Monica%20Globo/81-90%20.htm;https://www.getback.com.br/Monica/Monica%20Globo/81-90/83.jpg;200;image/jpeg;140;200;22907;09df6ecdc7805c8b20ee529b0fa82d2a5656cac76bdd126383017f737cb183bf;backend/src/main/resources/META-INF/resources/capas/monica-globo-v1/083.jpg
84;Mônica;Globo;1;https://www.guiadosquadrinhos.com/capas/monica/mo00502;https://www.getback.com.br/Monica/Monica%20Globo/81-90%20.htm;https://www.getback.com.br/Monica/Monica%20Globo/81-90/84.jpg;200;image/jpeg;140;200;23755;2858e087446f938b3ded378765da6b9638c63dedadcf5ad49cac89bbffaebf6e;backend/src/main/resources/META-INF/resources/capas/monica-globo-v1/084.jpg
85;Mônica;Globo;1;https://www.guiadosquadrinhos.com/capas/monica/mo00502;https://www.getback.com.br/Monica/Monica%20Globo/81-90%20.htm;https://www.getback.com.br/Monica/Monica%20Globo/81-90/85.jpg;200;image/jpeg;140;200;24012;f5291c72a0d3416a20f3381d8e5380ac59321fc50a04950d23f471a08c65bae5;backend/src/main/resources/META-INF/resources/capas/monica-globo-v1/085.jpg
86;Mônica;Globo;1;https://www.guiadosquadrinhos.com/capas/monica/mo00502;https://www.getback.com.br/Monica/Monica%20Globo/81-90%20.htm;https://www.getback.com.br/Monica/Monica%20Globo/81-90/86.jpg;200;image/jpeg;140;200;24877;cc610b4b0e0ca772e4cc7e89927f1775f104376f0b11aa3eed145bff847604fb;backend/src/main/resources/META-INF/resources/capas/monica-globo-v1/086.jpg
87;Mônica;Globo;1;https://www.guiadosquadrinhos.com/capas/monica/mo00502;https://www.getback.com.br/Monica/Monica%20Globo/81-90%20.htm;https://www.getback.com.br/Monica/Monica%20Globo/81-90/87.jpg;200;image/jpeg;140;200;25446;1a97c769a397d6aa691446cb313f6cfb0303db8c144f56c6773426aa6f23057e;backend/src/main/resources/META-INF/resources/capas/monica-globo-v1/087.jpg
88;Mônica;Globo;1;https://www.guiadosquadrinhos.com/capas/monica/mo00502;https://www.getback.com.br/Monica/Monica%20Globo/81-90%20.htm;https://www.getback.com.br/Monica/Monica%20Globo/81-90/88.jpg;200;image/jpeg;140;200;22878;01cb8c2e1272a853ee50a9f2ab38493c7de5e6099c6c9692d857531200c03b24;backend/src/main/resources/META-INF/resources/capas/monica-globo-v1/088.jpg
89;Mônica;Globo;1;https://www.guiadosquadrinhos.com/capas/monica/mo00502;https://www.getback.com.br/Monica/Monica%20Globo/81-90%20.htm;https://www.getback.com.br/Monica/Monica%20Globo/81-90/89.jpg;200;image/jpeg;140;200;23499;6df265733ed88efe02d52dd7582a0ba7ca28da03e9e96a4fec9d24b49c40bacb;backend/src/main/resources/META-INF/resources/capas/monica-globo-v1/089.jpg
90;Mônica;Globo;1;https://www.guiadosquadrinhos.com/capas/monica/mo00502;https://www.getback.com.br/Monica/Monica%20Globo/81-90%20.htm;https://www.getback.com.br/Monica/Monica%20Globo/81-90/90.jpg;200;image/jpeg;140;200;21718;afaa688e52918adeb4eb3e663dfab2b11e72de3f8ad2bc6a5b8a72c083874668;backend/src/main/resources/META-INF/resources/capas/monica-globo-v1/090.jpg
91;Mônica;Globo;1;https://www.guiadosquadrinhos.com/capas/monica/mo00502;https://www.getback.com.br/Monica/Monica%20Globo/91-100.htm;https://www.getback.com.br/Monica/Monica%20Globo/91-100/91.jpg;200;image/jpeg;140;200;22626;3c858f9b95d02c0d6f30676d9690f683fde3d6b752a80099b3ed2001ca045254;backend/src/main/resources/META-INF/resources/capas/monica-globo-v1/091.jpg
92;Mônica;Globo;1;https://www.guiadosquadrinhos.com/capas/monica/mo00502;https://www.getback.com.br/Monica/Monica%20Globo/91-100.htm;https://www.getback.com.br/Monica/Monica%20Globo/91-100/92.jpg;200;image/jpeg;140;200;23503;fd7e7574373a27f842862c6485df6944f5f19155c2c1ad5445c5107252f38fc5;backend/src/main/resources/META-INF/resources/capas/monica-globo-v1/092.jpg
93;Mônica;Globo;1;https://www.guiadosquadrinhos.com/capas/monica/mo00502;https://www.getback.com.br/Monica/Monica%20Globo/91-100.htm;https://www.getback.com.br/Monica/Monica%20Globo/91-100/93.jpg;200;image/jpeg;140;200;22807;7d46fc57b8cd0a6f99fca2b666b3a4795942e44b8a7fbf06cee7e7ad31d31537;backend/src/main/resources/META-INF/resources/capas/monica-globo-v1/093.jpg
94;Mônica;Globo;1;https://www.guiadosquadrinhos.com/capas/monica/mo00502;https://www.getback.com.br/Monica/Monica%20Globo/91-100.htm;https://www.getback.com.br/Monica/Monica%20Globo/91-100/94.jpg;200;image/jpeg;140;200;25464;8aad6356dc644def1ac39d177e94d84e9ed2ae27d68dd5f7e2991e5e68a3d67d;backend/src/main/resources/META-INF/resources/capas/monica-globo-v1/094.jpg
95;Mônica;Globo;1;https://www.guiadosquadrinhos.com/capas/monica/mo00502;https://www.getback.com.br/Monica/Monica%20Globo/91-100.htm;https://www.getback.com.br/Monica/Monica%20Globo/91-100/95.jpg;200;image/jpeg;140;200;23875;0ae741aa77ad34c5e5ea2c888bf8d66b73ddd3d7346fe4a28dcf4bbd2f4651b8;backend/src/main/resources/META-INF/resources/capas/monica-globo-v1/095.jpg
96;Mônica;Globo;1;https://www.guiadosquadrinhos.com/capas/monica/mo00502;https://www.getback.com.br/Monica/Monica%20Globo/91-100.htm;https://www.getback.com.br/Monica/Monica%20Globo/91-100/96.jpg;200;image/jpeg;140;200;25008;e3c8e9111ada36fbe2f0702439d5b14255beed7de19fa848ba531bbe4cfdf658;backend/src/main/resources/META-INF/resources/capas/monica-globo-v1/096.jpg
97;Mônica;Globo;1;https://www.guiadosquadrinhos.com/capas/monica/mo00502;https://www.getback.com.br/Monica/Monica%20Globo/91-100.htm;https://www.getback.com.br/Monica/Monica%20Globo/91-100/97.jpg;200;image/jpeg;140;200;24332;11ab170413797a7e2e0dd458fceeff99b657a4a78ab5ade834102c48ab8fdb7b;backend/src/main/resources/META-INF/resources/capas/monica-globo-v1/097.jpg
98;Mônica;Globo;1;https://www.guiadosquadrinhos.com/capas/monica/mo00502;https://www.getback.com.br/Monica/Monica%20Globo/91-100.htm;https://www.getback.com.br/Monica/Monica%20Globo/91-100/98.jpg;200;image/jpeg;140;200;19130;bee4e6d8d07785fbf5f3cb70acdcb39b721341f43661715068fb0a9466455b60;backend/src/main/resources/META-INF/resources/capas/monica-globo-v1/098.jpg
99;Mônica;Globo;1;https://www.guiadosquadrinhos.com/capas/monica/mo00502;https://www.getback.com.br/Monica/Monica%20Globo/91-100.htm;https://www.getback.com.br/Monica/Monica%20Globo/91-100/99.jpg;200;image/jpeg;140;200;24960;b5588610913b7d75ddbc5c3dbc23e92af5fd881453f0f919b12e439f7e17ca90;backend/src/main/resources/META-INF/resources/capas/monica-globo-v1/099.jpg
100;Mônica;Globo;1;https://www.guiadosquadrinhos.com/capas/monica/mo00502;https://www.getback.com.br/Monica/Monica%20Globo/91-100.htm;https://www.getback.com.br/Monica/Monica%20Globo/91-100/100.jpg;200;image/jpeg;140;200;23990;8707fabd45f184f416f11be1db19726bc9375f20952d7ed8f59b5510b36a5a37;backend/src/main/resources/META-INF/resources/capas/monica-globo-v1/100.jpg
101;Mônica;Globo;1;https://www.guiadosquadrinhos.com/capas/monica/mo00502;https://www.getback.com.br/Monica/Monica%20Globo/101-110%20.htm;https://www.getback.com.br/Monica/Monica%20Globo/101-110/101.jpg;200;image/jpeg;140;200;25099;978c0d00c61facc909151668ee7691258dbf6be2da0fe804b26797cb1b34b0a8;backend/src/main/resources/META-INF/resources/capas/monica-globo-v1/101.jpg
102;Mônica;Globo;1;https://www.guiadosquadrinhos.com/capas/monica/mo00502;https://www.getback.com.br/Monica/Monica%20Globo/101-110%20.htm;https://www.getback.com.br/Monica/Monica%20Globo/101-110/102.jpg;200;image/jpeg;140;200;21498;0e6d84658705efb4182db53a7547eeb3845c9af379d753fadab3ad76a681ac64;backend/src/main/resources/META-INF/resources/capas/monica-globo-v1/102.jpg
103;Mônica;Globo;1;https://www.guiadosquadrinhos.com/capas/monica/mo00502;https://www.getback.com.br/Monica/Monica%20Globo/101-110%20.htm;https://www.getback.com.br/Monica/Monica%20Globo/101-110/103.jpg;200;image/jpeg;140;200;22935;62c2dfc8ee83224cb2c63d9c98bbe384d8ec903823e7e6bdf64d423ed4290dfd;backend/src/main/resources/META-INF/resources/capas/monica-globo-v1/103.jpg
104;Mônica;Globo;1;https://www.guiadosquadrinhos.com/capas/monica/mo00502;https://www.getback.com.br/Monica/Monica%20Globo/101-110%20.htm;https://www.getback.com.br/Monica/Monica%20Globo/101-110/104.jpg;200;image/jpeg;140;200;23368;852859c6a3a9f7a1f50da95ce7ed3b98ebf5e44d41c039a9fb12f9c655321900;backend/src/main/resources/META-INF/resources/capas/monica-globo-v1/104.jpg
105;Mônica;Globo;1;https://www.guiadosquadrinhos.com/capas/monica/mo00502;https://www.getback.com.br/Monica/Monica%20Globo/101-110%20.htm;https://www.getback.com.br/Monica/Monica%20Globo/101-110/105.jpg;200;image/jpeg;140;200;24725;971e2cabd0812d9b2f09307f9612fdcbfba7e6838a07db14a20c1ac05670622c;backend/src/main/resources/META-INF/resources/capas/monica-globo-v1/105.jpg
106;Mônica;Globo;1;https://www.guiadosquadrinhos.com/capas/monica/mo00502;https://www.getback.com.br/Monica/Monica%20Globo/101-110%20.htm;https://www.getback.com.br/Monica/Monica%20Globo/101-110/106.jpg;200;image/jpeg;140;200;23791;465193baf9d221125384555243f90be0959087bb5e33056da54cd2d8e634cb06;backend/src/main/resources/META-INF/resources/capas/monica-globo-v1/106.jpg
107;Mônica;Globo;1;https://www.guiadosquadrinhos.com/capas/monica/mo00502;https://www.getback.com.br/Monica/Monica%20Globo/101-110%20.htm;https://www.getback.com.br/Monica/Monica%20Globo/101-110/107.jpg;200;image/jpeg;140;200;26027;8eaaf7ff20cd897d2f9ddb8fe0b6840a6ea6444a2f6b54d243e2efd1a7b59424;backend/src/main/resources/META-INF/resources/capas/monica-globo-v1/107.jpg
108;Mônica;Globo;1;https://www.guiadosquadrinhos.com/capas/monica/mo00502;https://www.getback.com.br/Monica/Monica%20Globo/101-110%20.htm;https://www.getback.com.br/Monica/Monica%20Globo/101-110/108.jpg;200;image/jpeg;140;200;22318;82e0710d596d872667b622ecf8c574d193101e391d114db277b1b073796a8006;backend/src/main/resources/META-INF/resources/capas/monica-globo-v1/108.jpg
109;Mônica;Globo;1;https://www.guiadosquadrinhos.com/capas/monica/mo00502;https://www.getback.com.br/Monica/Monica%20Globo/101-110%20.htm;https://www.getback.com.br/Monica/Monica%20Globo/101-110/109.jpg;200;image/jpeg;140;200;24038;c7c3e7e635312b1c8273943627172b43e04959b68c5623593d68062f8cf0d306;backend/src/main/resources/META-INF/resources/capas/monica-globo-v1/109.jpg
110;Mônica;Globo;1;https://www.guiadosquadrinhos.com/capas/monica/mo00502;https://www.getback.com.br/Monica/Monica%20Globo/101-110%20.htm;https://www.getback.com.br/Monica/Monica%20Globo/101-110/110.jpg;200;image/jpeg;140;200;21913;a611f5d71161249a94df5b9e6b468e83660056295099cda00e38646fac61eed9;backend/src/main/resources/META-INF/resources/capas/monica-globo-v1/110.jpg
111;Mônica;Globo;1;https://www.guiadosquadrinhos.com/capas/monica/mo00502;https://www.getback.com.br/Monica/Monica%20Globo/111-120%20.htm;https://www.getback.com.br/Monica/Monica%20Globo/111-120/111.jpg;200;image/jpeg;140;200;26600;9773e01ddb258bfa4891c60bb9da3b087af98a290c75cf823b3412653fe8fece;backend/src/main/resources/META-INF/resources/capas/monica-globo-v1/111.jpg
112;Mônica;Globo;1;https://www.guiadosquadrinhos.com/capas/monica/mo00502;https://www.getback.com.br/Monica/Monica%20Globo/111-120%20.htm;https://www.getback.com.br/Monica/Monica%20Globo/111-120/112.jpg;200;image/jpeg;140;200;22376;c6a04b389a8b51052310e02ee4e012df882a43cc6e66f95dce31bee28b6db44f;backend/src/main/resources/META-INF/resources/capas/monica-globo-v1/112.jpg
113;Mônica;Globo;1;https://www.guiadosquadrinhos.com/capas/monica/mo00502;https://www.getback.com.br/Monica/Monica%20Globo/111-120%20.htm;https://www.getback.com.br/Monica/Monica%20Globo/111-120/113.jpg;200;image/jpeg;140;200;22648;84ed784be12484393586ac7bbd891586b9bab5a8c2619b3fb5c142a5bd8d9bb2;backend/src/main/resources/META-INF/resources/capas/monica-globo-v1/113.jpg
114;Mônica;Globo;1;https://www.guiadosquadrinhos.com/capas/monica/mo00502;https://www.getback.com.br/Monica/Monica%20Globo/111-120%20.htm;https://www.getback.com.br/Monica/Monica%20Globo/111-120/114.jpg;200;image/jpeg;140;200;24702;ab459958e0ee29ddf37ac4a2688d3e67bcb7d8ff8794755ca99a9b85b6112822;backend/src/main/resources/META-INF/resources/capas/monica-globo-v1/114.jpg
115;Mônica;Globo;1;https://www.guiadosquadrinhos.com/capas/monica/mo00502;https://www.getback.com.br/Monica/Monica%20Globo/111-120%20.htm;https://www.getback.com.br/Monica/Monica%20Globo/111-120/115.jpg;200;image/jpeg;140;200;21732;5b594fae7b4a4860d88f5e9cae8f70c98baadedf88f6f03707611a2aaf4c9c08;backend/src/main/resources/META-INF/resources/capas/monica-globo-v1/115.jpg
116;Mônica;Globo;1;https://www.guiadosquadrinhos.com/capas/monica/mo00502;https://www.getback.com.br/Monica/Monica%20Globo/111-120%20.htm;https://www.getback.com.br/Monica/Monica%20Globo/111-120/116.jpg;200;image/jpeg;140;200;21631;29b1bdcf2e47dd3a9adb8a49abca6c8c9177d70efe71fa4399c9917bace482ee;backend/src/main/resources/META-INF/resources/capas/monica-globo-v1/116.jpg
117;Mônica;Globo;1;https://www.guiadosquadrinhos.com/capas/monica/mo00502;https://www.getback.com.br/Monica/Monica%20Globo/111-120%20.htm;https://www.getback.com.br/Monica/Monica%20Globo/111-120/117.jpg;200;image/jpeg;140;200;20943;d16e81fe4a0d7c17c3b8ed4125077d8da8f9e521bed1c90930e3a1ae35f0e3c4;backend/src/main/resources/META-INF/resources/capas/monica-globo-v1/117.jpg
118;Mônica;Globo;1;https://www.guiadosquadrinhos.com/capas/monica/mo00502;https://www.getback.com.br/Monica/Monica%20Globo/111-120%20.htm;https://www.getback.com.br/Monica/Monica%20Globo/111-120/118.jpg;200;image/jpeg;140;200;24473;543922fd44191a933604f5c0572e5b3a5e3411f28793585a169cd8bf6cbb7482;backend/src/main/resources/META-INF/resources/capas/monica-globo-v1/118.jpg
119;Mônica;Globo;1;https://www.guiadosquadrinhos.com/capas/monica/mo00502;https://www.getback.com.br/Monica/Monica%20Globo/111-120%20.htm;https://www.getback.com.br/Monica/Monica%20Globo/111-120/119.jpg;200;image/jpeg;140;200;23503;8fab91df8ee2b4c1964433b9bfa5948b5bbeb7a47c6bf383a5935508c0db1815;backend/src/main/resources/META-INF/resources/capas/monica-globo-v1/119.jpg
120;Mônica;Globo;1;https://www.guiadosquadrinhos.com/capas/monica/mo00502;https://www.getback.com.br/Monica/Monica%20Globo/111-120%20.htm;https://www.getback.com.br/Monica/Monica%20Globo/111-120/120.jpg;200;image/jpeg;140;200;24442;902a1fdc6eb92764ca6267f97d75407df4fd56900060525c9c2bd19cf38f8ae0;backend/src/main/resources/META-INF/resources/capas/monica-globo-v1/120.jpg
121;Mônica;Globo;1;https://www.guiadosquadrinhos.com/capas/monica/mo00502;https://www.getback.com.br/Monica/Monica%20Globo/121-130%20.htm;https://www.getback.com.br/Monica/Monica%20Globo/121-130/121.jpg;200;image/jpeg;140;200;22713;f61dbe9b34c945f93ead075de64ee305e6c0f7d91cd75ae4c30ecbd289b71cd8;backend/src/main/resources/META-INF/resources/capas/monica-globo-v1/121.jpg
122;Mônica;Globo;1;https://www.guiadosquadrinhos.com/capas/monica/mo00502;https://www.getback.com.br/Monica/Monica%20Globo/121-130%20.htm;https://www.getback.com.br/Monica/Monica%20Globo/121-130/122.jpg;200;image/jpeg;140;200;22320;55f6ce43000258dc63b66f18358166367250a7998eb2759457a575ffd27b6ce7;backend/src/main/resources/META-INF/resources/capas/monica-globo-v1/122.jpg
123;Mônica;Globo;1;https://www.guiadosquadrinhos.com/capas/monica/mo00502;https://www.getback.com.br/Monica/Monica%20Globo/121-130%20.htm;https://www.getback.com.br/Monica/Monica%20Globo/121-130/123.jpg;200;image/jpeg;140;200;23601;928099ae4e21079e967b91536830d6806f7ec86b2c4983c4034e79d8696ef475;backend/src/main/resources/META-INF/resources/capas/monica-globo-v1/123.jpg
124;Mônica;Globo;1;https://www.guiadosquadrinhos.com/capas/monica/mo00502;https://www.getback.com.br/Monica/Monica%20Globo/121-130%20.htm;https://www.getback.com.br/Monica/Monica%20Globo/121-130/124.jpg;200;image/jpeg;140;200;22807;673f2d0e0b3f98426cdd6c47a7c59d2e4ad647e4861bc6a4840eb07844dabfdf;backend/src/main/resources/META-INF/resources/capas/monica-globo-v1/124.jpg
125;Mônica;Globo;1;https://www.guiadosquadrinhos.com/capas/monica/mo00502;https://www.getback.com.br/Monica/Monica%20Globo/121-130%20.htm;https://www.getback.com.br/Monica/Monica%20Globo/121-130/125.jpg;200;image/jpeg;140;200;21776;222942f1dbfa25f96481ed11ff6568801469d0086820d044e1f7bea39e5e343a;backend/src/main/resources/META-INF/resources/capas/monica-globo-v1/125.jpg
126;Mônica;Globo;1;https://www.guiadosquadrinhos.com/capas/monica/mo00502;https://www.getback.com.br/Monica/Monica%20Globo/121-130%20.htm;https://www.getback.com.br/Monica/Monica%20Globo/121-130/126.jpg;200;image/jpeg;140;200;23147;61488ac42dfff0514c1c8be95ef55033f4d4f9273920b9bb5a6dbd9742f8f8d1;backend/src/main/resources/META-INF/resources/capas/monica-globo-v1/126.jpg
127;Mônica;Globo;1;https://www.guiadosquadrinhos.com/capas/monica/mo00502;https://www.getback.com.br/Monica/Monica%20Globo/121-130%20.htm;https://www.getback.com.br/Monica/Monica%20Globo/121-130/127.jpg;200;image/jpeg;140;200;22330;b038a3d0da9750bfea6f3315a02dbb375d3db03bd844eb41ffd48cd1a891befb;backend/src/main/resources/META-INF/resources/capas/monica-globo-v1/127.jpg
128;Mônica;Globo;1;https://www.guiadosquadrinhos.com/capas/monica/mo00502;https://www.getback.com.br/Monica/Monica%20Globo/121-130%20.htm;https://www.getback.com.br/Monica/Monica%20Globo/121-130/128.jpg;200;image/jpeg;140;200;23399;2d504a538beeb4c9b52abd28114a9a4dfe1046cac74080e9874d6429df64b17e;backend/src/main/resources/META-INF/resources/capas/monica-globo-v1/128.jpg
129;Mônica;Globo;1;https://www.guiadosquadrinhos.com/capas/monica/mo00502;https://www.getback.com.br/Monica/Monica%20Globo/121-130%20.htm;https://www.getback.com.br/Monica/Monica%20Globo/121-130/129.jpg;200;image/jpeg;140;200;24323;1585a6781187e4a60fca456cf75dea07edd18c4f542db252bdd0f0ce102dbf81;backend/src/main/resources/META-INF/resources/capas/monica-globo-v1/129.jpg
130;Mônica;Globo;1;https://www.guiadosquadrinhos.com/capas/monica/mo00502;https://www.getback.com.br/Monica/Monica%20Globo/121-130%20.htm;https://www.getback.com.br/Monica/Monica%20Globo/121-130/130.jpg;200;image/jpeg;140;200;22346;8c99630b0d008c5f866a1580f4ce7b39ccfaf467c8ce11818f6548bcfac6c8d4;backend/src/main/resources/META-INF/resources/capas/monica-globo-v1/130.jpg
131;Mônica;Globo;1;https://www.guiadosquadrinhos.com/capas/monica/mo00502;https://www.getback.com.br/Monica/Monica%20Globo/131-140.htm;https://www.getback.com.br/Monica/Monica%20Globo/131-140/131.jpg;200;image/jpeg;140;200;22913;61d17ed0368bf952ab053a334c8b75ff4164d0e692c68585b9ab3c9cf0d2bb9b;backend/src/main/resources/META-INF/resources/capas/monica-globo-v1/131.jpg
132;Mônica;Globo;1;https://www.guiadosquadrinhos.com/capas/monica/mo00502;https://www.getback.com.br/Monica/Monica%20Globo/131-140.htm;https://www.getback.com.br/Monica/Monica%20Globo/131-140/132.jpg;200;image/jpeg;140;200;23024;479d97fb2a04c4e59e0fee69b255a0b04bfee6de22ffc919f2983043767d3da7;backend/src/main/resources/META-INF/resources/capas/monica-globo-v1/132.jpg
133;Mônica;Globo;1;https://www.guiadosquadrinhos.com/capas/monica/mo00502;https://www.getback.com.br/Monica/Monica%20Globo/131-140.htm;https://www.getback.com.br/Monica/Monica%20Globo/131-140/133.jpg;200;image/jpeg;140;200;20410;8955619b71375b145bfb46cb1f12d993f04ce49ae30ecbfd2886b801456b7bc3;backend/src/main/resources/META-INF/resources/capas/monica-globo-v1/133.jpg
134;Mônica;Globo;1;https://www.guiadosquadrinhos.com/capas/monica/mo00502;https://www.getback.com.br/Monica/Monica%20Globo/131-140.htm;https://www.getback.com.br/Monica/Monica%20Globo/131-140/134.jpg;200;image/jpeg;140;200;22693;4fdbfe61fbd1b7ce208e4940b71b16fff1d8121e61b226c89b14936231251248;backend/src/main/resources/META-INF/resources/capas/monica-globo-v1/134.jpg
135;Mônica;Globo;1;https://www.guiadosquadrinhos.com/capas/monica/mo00502;https://www.getback.com.br/Monica/Monica%20Globo/131-140.htm;https://www.getback.com.br/Monica/Monica%20Globo/131-140/135.jpg;200;image/jpeg;140;200;22359;56b22aad43eae9ff67483f1d9d921726f55d1fe158f7e041b1e8a579ffc3f106;backend/src/main/resources/META-INF/resources/capas/monica-globo-v1/135.jpg
136;Mônica;Globo;1;https://www.guiadosquadrinhos.com/capas/monica/mo00502;https://www.getback.com.br/Monica/Monica%20Globo/131-140.htm;https://www.getback.com.br/Monica/Monica%20Globo/131-140/136.jpg;200;image/jpeg;140;200;26357;833e8cb110a40e5d30b392050e97ccbae0b492a2a0ab2e0fa48d4db1d9e070b1;backend/src/main/resources/META-INF/resources/capas/monica-globo-v1/136.jpg
137;Mônica;Globo;1;https://www.guiadosquadrinhos.com/capas/monica/mo00502;https://www.getback.com.br/Monica/Monica%20Globo/131-140.htm;https://www.getback.com.br/Monica/Monica%20Globo/131-140/137.jpg;200;image/jpeg;140;200;21488;a9047215c5302e9b43c9bdf36348a62b5091430ce715b7c989f1466032a1a487;backend/src/main/resources/META-INF/resources/capas/monica-globo-v1/137.jpg
138;Mônica;Globo;1;https://www.guiadosquadrinhos.com/capas/monica/mo00502;https://www.getback.com.br/Monica/Monica%20Globo/131-140.htm;https://www.getback.com.br/Monica/Monica%20Globo/131-140/138.jpg;200;image/jpeg;140;200;23313;552fddf6ecf7cdee4f7ca1d4569aaba1680632f5fac2fb2114c5d8d428418072;backend/src/main/resources/META-INF/resources/capas/monica-globo-v1/138.jpg
139;Mônica;Globo;1;https://www.guiadosquadrinhos.com/capas/monica/mo00502;https://www.getback.com.br/Monica/Monica%20Globo/131-140.htm;https://www.getback.com.br/Monica/Monica%20Globo/131-140/139.jpg;200;image/jpeg;140;200;22789;0e5d024579a67c331d280cdb0abc391e3e86b193157ac43b6f241f2ad5561f0e;backend/src/main/resources/META-INF/resources/capas/monica-globo-v1/139.jpg
140;Mônica;Globo;1;https://www.guiadosquadrinhos.com/capas/monica/mo00502;https://www.getback.com.br/Monica/Monica%20Globo/131-140.htm;https://www.getback.com.br/Monica/Monica%20Globo/131-140/140.jpg;200;image/jpeg;140;200;22119;08ae68460fe3730b9805e8225efb50f3e51ed1355421b49039856de4493a5bcd;backend/src/main/resources/META-INF/resources/capas/monica-globo-v1/140.jpg
141;Mônica;Globo;1;https://www.guiadosquadrinhos.com/capas/monica/mo00502;https://www.getback.com.br/Monica/Monica%20Globo/141-150.htm;https://www.getback.com.br/Monica/Monica%20Globo/141-150/141.jpg;200;image/jpeg;140;200;23245;cf144c1b8edf92149c64e27f465101a044e83116336c732d841b123a124c2f99;backend/src/main/resources/META-INF/resources/capas/monica-globo-v1/141.jpg
142;Mônica;Globo;1;https://www.guiadosquadrinhos.com/capas/monica/mo00502;https://www.getback.com.br/Monica/Monica%20Globo/141-150.htm;https://www.getback.com.br/Monica/Monica%20Globo/141-150/142.jpg;200;image/jpeg;140;200;20829;92f95c2b32a617c5a89849ef7396d2077870aac3c5a8b4d92821ff514a3844a6;backend/src/main/resources/META-INF/resources/capas/monica-globo-v1/142.jpg
143;Mônica;Globo;1;https://www.guiadosquadrinhos.com/capas/monica/mo00502;https://www.getback.com.br/Monica/Monica%20Globo/141-150.htm;https://www.getback.com.br/Monica/Monica%20Globo/141-150/143.jpg;200;image/jpeg;140;200;28864;bb6837dea4753f7f4c2a726124d9a28fcc3495a4525fda7f2819cde71518b66f;backend/src/main/resources/META-INF/resources/capas/monica-globo-v1/143.jpg
144;Mônica;Globo;1;https://www.guiadosquadrinhos.com/capas/monica/mo00502;https://www.getback.com.br/Monica/Monica%20Globo/141-150.htm;https://www.getback.com.br/Monica/Monica%20Globo/141-150/144.jpg;200;image/jpeg;140;200;22088;81c937ea52e56fa1ca8bb58e49e2017cb404a499b936a7686583710b0fbce58c;backend/src/main/resources/META-INF/resources/capas/monica-globo-v1/144.jpg
145;Mônica;Globo;1;https://www.guiadosquadrinhos.com/capas/monica/mo00502;https://www.getback.com.br/Monica/Monica%20Globo/141-150.htm;https://www.getback.com.br/Monica/Monica%20Globo/141-150/145.jpg;200;image/jpeg;140;200;23883;7d3427ca6a8a10343d7d8311e0125539960b4aced8ac80a87c445df8a2163613;backend/src/main/resources/META-INF/resources/capas/monica-globo-v1/145.jpg
146;Mônica;Globo;1;https://www.guiadosquadrinhos.com/capas/monica/mo00502;https://www.getback.com.br/Monica/Monica%20Globo/141-150.htm;https://www.getback.com.br/Monica/Monica%20Globo/141-150/146.jpg;200;image/jpeg;140;200;22693;cae07066148bd245bc40be04f2492ea5d6b93c4e61540b2b5607ecef70c83bb2;backend/src/main/resources/META-INF/resources/capas/monica-globo-v1/146.jpg
147;Mônica;Globo;1;https://www.guiadosquadrinhos.com/capas/monica/mo00502;https://www.getback.com.br/Monica/Monica%20Globo/141-150.htm;https://www.getback.com.br/Monica/Monica%20Globo/141-150/147.jpg;200;image/jpeg;140;200;21488;2f87968b686f72d0ac1f3cda6eb9c74544712e82c68b67e79863bdb03e9112ab;backend/src/main/resources/META-INF/resources/capas/monica-globo-v1/147.jpg
148;Mônica;Globo;1;https://www.guiadosquadrinhos.com/capas/monica/mo00502;https://www.getback.com.br/Monica/Monica%20Globo/141-150.htm;https://www.getback.com.br/Monica/Monica%20Globo/141-150/148.jpg;200;image/jpeg;140;200;23478;e254cffe6bfb0f39c74d5998795e40392e63691924356dd96b96f6208cd27328;backend/src/main/resources/META-INF/resources/capas/monica-globo-v1/148.jpg
149;Mônica;Globo;1;https://www.guiadosquadrinhos.com/capas/monica/mo00502;https://www.getback.com.br/Monica/Monica%20Globo/141-150.htm;https://www.getback.com.br/Monica/Monica%20Globo/141-150/149.jpg;200;image/jpeg;140;200;22531;8ea8a0cb6fc50c3262a3f59af3247bd8ac1e3c28e131fa66c6f915a92f79d549;backend/src/main/resources/META-INF/resources/capas/monica-globo-v1/149.jpg
150;Mônica;Globo;1;https://www.guiadosquadrinhos.com/capas/monica/mo00502;https://www.getback.com.br/Monica/Monica%20Globo/141-150.htm;https://www.getback.com.br/Monica/Monica%20Globo/141-150/150.jpg;200;image/jpeg;140;200;23779;1db13abcd793bd1b66abe84adf647f404d371f6a9da9c8e342dc94c3b63af1dc;backend/src/main/resources/META-INF/resources/capas/monica-globo-v1/150.jpg
151;Mônica;Globo;1;https://www.guiadosquadrinhos.com/capas/monica/mo00502;https://www.getback.com.br/Monica/Monica%20Globo/151-160.htm;https://www.getback.com.br/Monica/Monica%20Globo/151-160/151.jpg;200;image/jpeg;140;200;22330;ff92b4e9eb7be4954042e2f868493813b1ab56332d757ce85dfd53c070479371;backend/src/main/resources/META-INF/resources/capas/monica-globo-v1/151.jpg
152;Mônica;Globo;1;https://www.guiadosquadrinhos.com/capas/monica/mo00502;https://www.getback.com.br/Monica/Monica%20Globo/151-160.htm;https://www.getback.com.br/Monica/Monica%20Globo/151-160/152.jpg;200;image/jpeg;140;200;22347;b2a393d551f9ee61622a734363d6345d044fc76cda1b1a359144d3c24dc559de;backend/src/main/resources/META-INF/resources/capas/monica-globo-v1/152.jpg
153;Mônica;Globo;1;https://www.guiadosquadrinhos.com/capas/monica/mo00502;https://www.getback.com.br/Monica/Monica%20Globo/151-160.htm;https://www.getback.com.br/Monica/Monica%20Globo/151-160/153.jpg;200;image/jpeg;140;200;22371;fbf7a88b1acb358919b7820d11f4dac170b52a286c831864abbee5c8a8e43712;backend/src/main/resources/META-INF/resources/capas/monica-globo-v1/153.jpg
154;Mônica;Globo;1;https://www.guiadosquadrinhos.com/capas/monica/mo00502;https://www.getback.com.br/Monica/Monica%20Globo/151-160.htm;https://www.getback.com.br/Monica/Monica%20Globo/151-160/154.jpg;200;image/jpeg;140;200;21860;ac7d8e01db8e6e0420249e80d64aaf67512c0f92aaf999cbedf5a56c1bf6e38e;backend/src/main/resources/META-INF/resources/capas/monica-globo-v1/154.jpg
155;Mônica;Globo;1;https://www.guiadosquadrinhos.com/capas/monica/mo00502;https://www.getback.com.br/Monica/Monica%20Globo/151-160.htm;https://www.getback.com.br/Monica/Monica%20Globo/151-160/155.jpg;200;image/jpeg;140;200;23491;f3526b9f3beeb4a15ea2fdca703a291d3ce4994eb2cddd1e0983ba9dfb17bc51;backend/src/main/resources/META-INF/resources/capas/monica-globo-v1/155.jpg
156;Mônica;Globo;1;https://www.guiadosquadrinhos.com/capas/monica/mo00502;https://www.getback.com.br/Monica/Monica%20Globo/151-160.htm;https://www.getback.com.br/Monica/Monica%20Globo/151-160/156.jpg;200;image/jpeg;140;200;23039;9b5d844ddb90e363d0964dd7f7d3ca93f59d30184f1e0de8f419176da5bdb260;backend/src/main/resources/META-INF/resources/capas/monica-globo-v1/156.jpg
157;Mônica;Globo;1;https://www.guiadosquadrinhos.com/capas/monica/mo00502;https://www.getback.com.br/Monica/Monica%20Globo/151-160.htm;https://www.getback.com.br/Monica/Monica%20Globo/151-160/157.jpg;200;image/jpeg;140;200;23051;e92b64f4ee574eee4166083fa6dfc85d62824ace787794821887cdd3db6faaf4;backend/src/main/resources/META-INF/resources/capas/monica-globo-v1/157.jpg
158;Mônica;Globo;1;https://www.guiadosquadrinhos.com/capas/monica/mo00502;https://www.getback.com.br/Monica/Monica%20Globo/151-160.htm;https://www.getback.com.br/Monica/Monica%20Globo/151-160/158.jpg;200;image/jpeg;140;200;23913;d22543b51e12b48ee09de8ba910c52fd3668a65bfd7c2f1fdc9effe0dcee8ac3;backend/src/main/resources/META-INF/resources/capas/monica-globo-v1/158.jpg
159;Mônica;Globo;1;https://www.guiadosquadrinhos.com/capas/monica/mo00502;https://www.getback.com.br/Monica/Monica%20Globo/151-160.htm;https://www.getback.com.br/Monica/Monica%20Globo/151-160/159.jpg;200;image/jpeg;140;200;25330;67a4eaba6fc7725642e2806e1a8a22bce58703c878e9361317cda47620997f60;backend/src/main/resources/META-INF/resources/capas/monica-globo-v1/159.jpg
160;Mônica;Globo;1;https://www.guiadosquadrinhos.com/capas/monica/mo00502;https://www.getback.com.br/Monica/Monica%20Globo/151-160.htm;https://www.getback.com.br/Monica/Monica%20Globo/151-160/160.jpg;200;image/jpeg;140;200;23777;2650cfcb44d564e5810a58f94aa17af2684b7062c2cbf0a23907be60672fac54;backend/src/main/resources/META-INF/resources/capas/monica-globo-v1/160.jpg
161;Mônica;Globo;1;https://www.guiadosquadrinhos.com/capas/monica/mo00502;https://www.getback.com.br/Monica/Monica%20Globo/161-170%20.htm;https://www.getback.com.br/Monica/Monica%20Globo/161-170/161.jpg;200;image/jpeg;140;200;26884;a301aabaa4e89ab85bb1abd50af66754e9d907b867f7ef9f4d4ace14ebd556b8;backend/src/main/resources/META-INF/resources/capas/monica-globo-v1/161.jpg
162;Mônica;Globo;1;https://www.guiadosquadrinhos.com/capas/monica/mo00502;https://www.getback.com.br/Monica/Monica%20Globo/161-170%20.htm;https://www.getback.com.br/Monica/Monica%20Globo/161-170/162.jpg;200;image/jpeg;140;200;23363;4791d0303942805d7f7ed5a21ce91d4d148dc7fde182582763fc96f638ea2d87;backend/src/main/resources/META-INF/resources/capas/monica-globo-v1/162.jpg
163;Mônica;Globo;1;https://www.guiadosquadrinhos.com/capas/monica/mo00502;https://www.getback.com.br/Monica/Monica%20Globo/161-170%20.htm;https://www.getback.com.br/Monica/Monica%20Globo/161-170/163.jpg;200;image/jpeg;140;200;23870;a8e8e41ea7855716bbe8b7752269292e02284d51301d90f0ad1e184f6e025b91;backend/src/main/resources/META-INF/resources/capas/monica-globo-v1/163.jpg
164;Mônica;Globo;1;https://www.guiadosquadrinhos.com/capas/monica/mo00502;https://www.getback.com.br/Monica/Monica%20Globo/161-170%20.htm;https://www.getback.com.br/Monica/Monica%20Globo/161-170/164.jpg;200;image/jpeg;140;200;25822;2bc540a4c871185f8eddde67ea6becdb34c44b5b70e14c8f344fbfaeffa8744a;backend/src/main/resources/META-INF/resources/capas/monica-globo-v1/164.jpg
165;Mônica;Globo;1;https://www.guiadosquadrinhos.com/capas/monica/mo00502;https://www.getback.com.br/Monica/Monica%20Globo/161-170%20.htm;https://www.getback.com.br/Monica/Monica%20Globo/161-170/165.jpg;200;image/jpeg;140;200;23428;ed4e01be2474beb50d77f48167d6cdce8a29a83b99985697277a9c5262433971;backend/src/main/resources/META-INF/resources/capas/monica-globo-v1/165.jpg
166;Mônica;Globo;1;https://www.guiadosquadrinhos.com/capas/monica/mo00502;https://www.getback.com.br/Monica/Monica%20Globo/161-170%20.htm;https://www.getback.com.br/Monica/Monica%20Globo/161-170/166.jpg;200;image/jpeg;140;200;24157;8c129b22aeea5103fc56b9ca47f312d20984852aaff811eaa248fe5fa7a3a6b8;backend/src/main/resources/META-INF/resources/capas/monica-globo-v1/166.jpg
167;Mônica;Globo;1;https://www.guiadosquadrinhos.com/capas/monica/mo00502;https://www.getback.com.br/Monica/Monica%20Globo/161-170%20.htm;https://www.getback.com.br/Monica/Monica%20Globo/161-170/167.jpg;200;image/jpeg;140;200;23986;4bdb5ba73741b0c0199dc84cfacee79a83660755daf5ec5b71b7755b0b42e1e0;backend/src/main/resources/META-INF/resources/capas/monica-globo-v1/167.jpg
168;Mônica;Globo;1;https://www.guiadosquadrinhos.com/capas/monica/mo00502;https://www.getback.com.br/Monica/Monica%20Globo/161-170%20.htm;https://www.getback.com.br/Monica/Monica%20Globo/161-170/168.jpg;200;image/jpeg;140;200;24739;4b1109bedebabca427693db336e1b19fb7439d47ce7b892a3efaaa0691c6f0f9;backend/src/main/resources/META-INF/resources/capas/monica-globo-v1/168.jpg
169;Mônica;Globo;1;https://www.guiadosquadrinhos.com/capas/monica/mo00502;https://www.getback.com.br/Monica/Monica%20Globo/161-170%20.htm;https://www.getback.com.br/Monica/Monica%20Globo/161-170/169.jpg;200;image/jpeg;140;200;22335;9cc5334e3aee7dc145ed4c4badf18655cd331c4eef6c077caf895d3e8513fa64;backend/src/main/resources/META-INF/resources/capas/monica-globo-v1/169.jpg
170;Mônica;Globo;1;https://www.guiadosquadrinhos.com/capas/monica/mo00502;https://www.getback.com.br/Monica/Monica%20Globo/161-170%20.htm;https://www.getback.com.br/Monica/Monica%20Globo/161-170/170.jpg;200;image/jpeg;140;200;24153;b38e9de9ae63a0b7e4f84073d2c8a438702102e7cd444c1699d83b6440d0ad65;backend/src/main/resources/META-INF/resources/capas/monica-globo-v1/170.jpg
171;Mônica;Globo;1;https://www.guiadosquadrinhos.com/capas/monica/mo00502;https://www.getback.com.br/Monica/Monica%20Globo/171-180.htm;https://www.getback.com.br/Monica/Monica%20Globo/171-180/171.jpg;200;image/jpeg;140;200;24970;a5c0197a6ca391333202569c6ee9f5be0f82c7f8f7114f32644abd2cfaae6efe;backend/src/main/resources/META-INF/resources/capas/monica-globo-v1/171.jpg
172;Mônica;Globo;1;https://www.guiadosquadrinhos.com/capas/monica/mo00502;https://www.getback.com.br/Monica/Monica%20Globo/171-180.htm;https://www.getback.com.br/Monica/Monica%20Globo/171-180/172.jpg;200;image/jpeg;140;200;25997;dd4a1d9ba45588b4a223a5ac806226e5f2234e9f226fa5bb3967c25d4be73840;backend/src/main/resources/META-INF/resources/capas/monica-globo-v1/172.jpg
173;Mônica;Globo;1;https://www.guiadosquadrinhos.com/capas/monica/mo00502;https://www.getback.com.br/Monica/Monica%20Globo/171-180.htm;https://www.getback.com.br/Monica/Monica%20Globo/171-180/173.jpg;200;image/jpeg;140;200;23828;81edff82a51e14dcf228b7f92bdbad89413ba8f498beb1e014b120c1280b10fd;backend/src/main/resources/META-INF/resources/capas/monica-globo-v1/173.jpg
174;Mônica;Globo;1;https://www.guiadosquadrinhos.com/capas/monica/mo00502;https://www.getback.com.br/Monica/Monica%20Globo/171-180.htm;https://www.getback.com.br/Monica/Monica%20Globo/171-180/174.jpg;200;image/jpeg;140;200;27498;74afcc4c0cd8581e6b778a586646e5693eddcbdfc04a35227c7180e7e085c340;backend/src/main/resources/META-INF/resources/capas/monica-globo-v1/174.jpg
175;Mônica;Globo;1;https://www.guiadosquadrinhos.com/capas/monica/mo00502;https://www.getback.com.br/Monica/Monica%20Globo/171-180.htm;https://www.getback.com.br/Monica/Monica%20Globo/171-180/175.jpg;200;image/jpeg;140;200;28323;207c9de8c9350465ed21a57590025ad19392a2d8bbc7bc7b6357c558c3120577;backend/src/main/resources/META-INF/resources/capas/monica-globo-v1/175.jpg
176;Mônica;Globo;1;https://www.guiadosquadrinhos.com/capas/monica/mo00502;https://www.getback.com.br/Monica/Monica%20Globo/171-180.htm;https://www.getback.com.br/Monica/Monica%20Globo/171-180/176.jpg;200;image/jpeg;140;200;25278;a1d09ed22d22fb8b63e8757875652d79bbcf5e25a0babd2b455f952290a737e8;backend/src/main/resources/META-INF/resources/capas/monica-globo-v1/176.jpg
177;Mônica;Globo;1;https://www.guiadosquadrinhos.com/capas/monica/mo00502;https://www.getback.com.br/Monica/Monica%20Globo/171-180.htm;https://www.getback.com.br/Monica/Monica%20Globo/171-180/177.jpg;200;image/jpeg;140;200;23928;8f99c61bbf68d269b5afd3e9914b0c443dc2d825e38d301b3f477c06db080e17;backend/src/main/resources/META-INF/resources/capas/monica-globo-v1/177.jpg
178;Mônica;Globo;1;https://www.guiadosquadrinhos.com/capas/monica/mo00502;https://www.getback.com.br/Monica/Monica%20Globo/171-180.htm;https://www.getback.com.br/Monica/Monica%20Globo/171-180/178.jpg;200;image/jpeg;140;200;24550;7a1571ca2fb921b6ce784c881ee95920c10db6ea08672e112f484060f1068061;backend/src/main/resources/META-INF/resources/capas/monica-globo-v1/178.jpg
179;Mônica;Globo;1;https://www.guiadosquadrinhos.com/capas/monica/mo00502;https://www.getback.com.br/Monica/Monica%20Globo/171-180.htm;https://www.getback.com.br/Monica/Monica%20Globo/171-180/179.jpg;200;image/jpeg;140;200;23860;d52be2694eec5a0f801c82bf1bff6afd64f8354e10918ee48e76c0522bc02da6;backend/src/main/resources/META-INF/resources/capas/monica-globo-v1/179.jpg
180;Mônica;Globo;1;https://www.guiadosquadrinhos.com/capas/monica/mo00502;https://www.getback.com.br/Monica/Monica%20Globo/171-180.htm;https://www.getback.com.br/Monica/Monica%20Globo/171-180/180.jpg;200;image/jpeg;140;200;25442;783f1dd12db161eadbdb51ae1fa78867570b17ec98dcd35c35b21720c5439f7d;backend/src/main/resources/META-INF/resources/capas/monica-globo-v1/180.jpg
181;Mônica;Globo;1;https://www.guiadosquadrinhos.com/capas/monica/mo00502;https://www.getback.com.br/Monica/Monica%20Globo/181-190%20.htm;https://www.getback.com.br/Monica/Monica%20Globo/181-190/181.jpg;200;image/jpeg;140;200;22933;6c2d9d7f04a85f6ed89bc88eae9e959b3eb9eb3c9b4b42611f12e2b699c4a336;backend/src/main/resources/META-INF/resources/capas/monica-globo-v1/181.jpg
182;Mônica;Globo;1;https://www.guiadosquadrinhos.com/capas/monica/mo00502;https://www.getback.com.br/Monica/Monica%20Globo/181-190%20.htm;https://www.getback.com.br/Monica/Monica%20Globo/181-190/182.jpg;200;image/jpeg;140;200;25979;564a292375143402b1a0fd3385f53b618e9c5c739a53ad790f18a21ebdd18c85;backend/src/main/resources/META-INF/resources/capas/monica-globo-v1/182.jpg
183;Mônica;Globo;1;https://www.guiadosquadrinhos.com/capas/monica/mo00502;https://www.getback.com.br/Monica/Monica%20Globo/181-190%20.htm;https://www.getback.com.br/Monica/Monica%20Globo/181-190/183.jpg;200;image/jpeg;140;200;24592;4fd587b4a31151153f186248872bb246163490ca547db15137236270fb68f22b;backend/src/main/resources/META-INF/resources/capas/monica-globo-v1/183.jpg
184;Mônica;Globo;1;https://www.guiadosquadrinhos.com/capas/monica/mo00502;https://www.getback.com.br/Monica/Monica%20Globo/181-190%20.htm;https://www.getback.com.br/Monica/Monica%20Globo/181-190/184.jpg;200;image/jpeg;140;200;26275;5c178000bec3f61b9a5b557e4b1acae4b2ea3f91d506f610d32ddb1a4ce7796b;backend/src/main/resources/META-INF/resources/capas/monica-globo-v1/184.jpg
185;Mônica;Globo;1;https://www.guiadosquadrinhos.com/capas/monica/mo00502;https://www.getback.com.br/Monica/Monica%20Globo/181-190%20.htm;https://www.getback.com.br/Monica/Monica%20Globo/181-190/185.jpg;200;image/jpeg;140;200;22174;781a07a480bde8a79015a4d6a70c76bdad56775a52e157f758aa0a0e20627221;backend/src/main/resources/META-INF/resources/capas/monica-globo-v1/185.jpg
186;Mônica;Globo;1;https://www.guiadosquadrinhos.com/capas/monica/mo00502;https://www.getback.com.br/Monica/Monica%20Globo/181-190%20.htm;https://www.getback.com.br/Monica/Monica%20Globo/181-190/186.jpg;200;image/jpeg;140;200;22162;6db923c5f31932d57962189eda04b5a79a48ac532b83b2103d21fbbe341d6b77;backend/src/main/resources/META-INF/resources/capas/monica-globo-v1/186.jpg
187;Mônica;Globo;1;https://www.guiadosquadrinhos.com/capas/monica/mo00502;https://www.getback.com.br/Monica/Monica%20Globo/181-190%20.htm;https://www.getback.com.br/Monica/Monica%20Globo/181-190/187.jpg;200;image/jpeg;140;200;23938;31f2ceebe2a0f29b87c0a6289cfe9d317150fd1950ecbf79ddaf39a2cc2ce743;backend/src/main/resources/META-INF/resources/capas/monica-globo-v1/187.jpg
188;Mônica;Globo;1;https://www.guiadosquadrinhos.com/capas/monica/mo00502;https://www.getback.com.br/Monica/Monica%20Globo/181-190%20.htm;https://www.getback.com.br/Monica/Monica%20Globo/181-190/188.jpg;200;image/jpeg;140;200;26142;750c352792e7f776339ea2f28d199dd78e9b770751580f874702ff7610a9c7d8;backend/src/main/resources/META-INF/resources/capas/monica-globo-v1/188.jpg
189;Mônica;Globo;1;https://www.guiadosquadrinhos.com/capas/monica/mo00502;https://www.getback.com.br/Monica/Monica%20Globo/181-190%20.htm;https://www.getback.com.br/Monica/Monica%20Globo/181-190/189.jpg;200;image/jpeg;140;200;21288;d42a4b44153ef25b7cce509f55b15454737813b28e7c506a576d187bd7c698ff;backend/src/main/resources/META-INF/resources/capas/monica-globo-v1/189.jpg
190;Mônica;Globo;1;https://www.guiadosquadrinhos.com/capas/monica/mo00502;https://www.getback.com.br/Monica/Monica%20Globo/181-190%20.htm;https://www.getback.com.br/Monica/Monica%20Globo/181-190/190.jpg;200;image/jpeg;140;200;24233;a91e17150c96fb36ba1434119382d1b64f74996440b3aa25540d76143d407675;backend/src/main/resources/META-INF/resources/capas/monica-globo-v1/190.jpg
191;Mônica;Globo;1;https://www.guiadosquadrinhos.com/capas/monica/mo00502;https://www.getback.com.br/Monica/Monica%20Globo/191-200.htm;https://www.getback.com.br/Monica/Monica%20Globo/191-200/191.jpg;200;image/jpeg;140;200;24214;c5c97c68e51a013d86c4a646e16310617782d5909f23f8f924c1a7ecf99921bb;backend/src/main/resources/META-INF/resources/capas/monica-globo-v1/191.jpg
192;Mônica;Globo;1;https://www.guiadosquadrinhos.com/capas/monica/mo00502;https://www.getback.com.br/Monica/Monica%20Globo/191-200.htm;https://www.getback.com.br/Monica/Monica%20Globo/191-200/192.jpg;200;image/jpeg;140;200;23956;d245485b2d918deb12392a8981104134f973f858aed1b0c88609e5060c32ab9f;backend/src/main/resources/META-INF/resources/capas/monica-globo-v1/192.jpg
193;Mônica;Globo;1;https://www.guiadosquadrinhos.com/capas/monica/mo00502;https://www.getback.com.br/Monica/Monica%20Globo/191-200.htm;https://www.getback.com.br/Monica/Monica%20Globo/191-200/193.jpg;200;image/jpeg;140;200;22677;f647c379eb0c731defcf267e222600b809e5c924a01af5cab0417d692725669c;backend/src/main/resources/META-INF/resources/capas/monica-globo-v1/193.jpg
194;Mônica;Globo;1;https://www.guiadosquadrinhos.com/capas/monica/mo00502;https://www.getback.com.br/Monica/Monica%20Globo/191-200.htm;https://www.getback.com.br/Monica/Monica%20Globo/191-200/194.jpg;200;image/jpeg;140;200;22955;8036161df360326bbe8a6646a1975e2f5a19bfe89432bf1ca349b666a2e03df3;backend/src/main/resources/META-INF/resources/capas/monica-globo-v1/194.jpg
195;Mônica;Globo;1;https://www.guiadosquadrinhos.com/capas/monica/mo00502;https://www.getback.com.br/Monica/Monica%20Globo/191-200.htm;https://www.getback.com.br/Monica/Monica%20Globo/191-200/195.jpg;200;image/jpeg;140;200;22193;59cc7c0de6f383c4378e2de39653220754f14427d91c76647d2ce0a06b87fbfc;backend/src/main/resources/META-INF/resources/capas/monica-globo-v1/195.jpg
196;Mônica;Globo;1;https://www.guiadosquadrinhos.com/capas/monica/mo00502;https://www.getback.com.br/Monica/Monica%20Globo/191-200.htm;https://www.getback.com.br/Monica/Monica%20Globo/191-200/196.jpg;200;image/jpeg;140;200;24531;f817b23474db449ff194af85334200c249454d97a6ac8eb29749b7e5bcfd8cbf;backend/src/main/resources/META-INF/resources/capas/monica-globo-v1/196.jpg
197;Mônica;Globo;1;https://www.guiadosquadrinhos.com/capas/monica/mo00502;https://www.getback.com.br/Monica/Monica%20Globo/191-200.htm;https://www.getback.com.br/Monica/Monica%20Globo/191-200/197.jpg;200;image/jpeg;140;200;23513;4c1d1df5169fd24dc1a02372606c7d60b88bd550ebb32d7cc6b8690e9e27c7e3;backend/src/main/resources/META-INF/resources/capas/monica-globo-v1/197.jpg
198;Mônica;Globo;1;https://www.guiadosquadrinhos.com/capas/monica/mo00502;https://www.getback.com.br/Monica/Monica%20Globo/191-200.htm;https://www.getback.com.br/Monica/Monica%20Globo/191-200/198.jpg;200;image/jpeg;140;200;22766;80dad8fe4370e68a26ff1239bd48e86e47ed7729ee6e2499176d4dc956ea2048;backend/src/main/resources/META-INF/resources/capas/monica-globo-v1/198.jpg
199;Mônica;Globo;1;https://www.guiadosquadrinhos.com/capas/monica/mo00502;https://www.getback.com.br/Monica/Monica%20Globo/191-200.htm;https://www.getback.com.br/Monica/Monica%20Globo/191-200/199.jpg;200;image/jpeg;140;200;21981;fe83b1e2b31e05402e77e81927ebae21137d99fc772fa46be7595dc2896f34aa;backend/src/main/resources/META-INF/resources/capas/monica-globo-v1/199.jpg
200;Mônica;Globo;1;https://www.guiadosquadrinhos.com/capas/monica/mo00502;https://www.getback.com.br/Monica/Monica%20Globo/191-200.htm;https://www.getback.com.br/Monica/Monica%20Globo/191-200/200.jpg;200;image/jpeg;140;200;23937;91fd1760da528890b4f319408672fb23683a08cf78a1d54241f770d5e7c25620;backend/src/main/resources/META-INF/resources/capas/monica-globo-v1/200.jpg
201;Mônica;Globo;1;https://www.guiadosquadrinhos.com/capas/monica/mo00502;https://www.getback.com.br/Monica/Monica%20Globo/201-210.htm;https://www.getback.com.br/Monica/Monica%20Globo/201-210/201.jpg;200;image/jpeg;140;200;27199;4e1decb0b546b81487664db39ea20355e72d71e6d3b77aab86652acd67b93f7b;backend/src/main/resources/META-INF/resources/capas/monica-globo-v1/201.jpg
202;Mônica;Globo;1;https://www.guiadosquadrinhos.com/capas/monica/mo00502;https://www.getback.com.br/Monica/Monica%20Globo/201-210.htm;https://www.getback.com.br/Monica/Monica%20Globo/201-210/202.jpg;200;image/jpeg;140;200;18665;9d8626eb371b95697a1355156656af996c2f0ea543533cb71c31e98d00dbf85e;backend/src/main/resources/META-INF/resources/capas/monica-globo-v1/202.jpg
203;Mônica;Globo;1;https://www.guiadosquadrinhos.com/capas/monica/mo00502;https://www.getback.com.br/Monica/Monica%20Globo/201-210.htm;https://www.getback.com.br/Monica/Monica%20Globo/201-210/203.jpg;200;image/jpeg;140;200;25268;39b10f4efdc5796c983133155db1abbf177e53f282d554f7df5ce04fbfa2ef94;backend/src/main/resources/META-INF/resources/capas/monica-globo-v1/203.jpg
204;Mônica;Globo;1;https://www.guiadosquadrinhos.com/capas/monica/mo00502;https://www.getback.com.br/Monica/Monica%20Globo/201-210.htm;https://www.getback.com.br/Monica/Monica%20Globo/201-210/204.jpg;200;image/jpeg;140;200;20310;dda581f2060ed99d9fad8c7c70aa6965d2d14992a25f29e38063d18958bf8f5e;backend/src/main/resources/META-INF/resources/capas/monica-globo-v1/204.jpg
205;Mônica;Globo;1;https://www.guiadosquadrinhos.com/capas/monica/mo00502;https://www.getback.com.br/Monica/Monica%20Globo/201-210.htm;https://www.getback.com.br/Monica/Monica%20Globo/201-210/205.jpg;200;image/jpeg;140;200;22891;de2722082a980e735470f9db13a0c983878d186430eb88de654ec934662e5e5e;backend/src/main/resources/META-INF/resources/capas/monica-globo-v1/205.jpg
206;Mônica;Globo;1;https://www.guiadosquadrinhos.com/capas/monica/mo00502;https://www.getback.com.br/Monica/Monica%20Globo/201-210.htm;https://www.getback.com.br/Monica/Monica%20Globo/201-210/206.jpg;200;image/jpeg;140;200;22176;f7dcab460ece7eb14d1c36063f94f457da6a30b307aee60db681b91d7e80d20f;backend/src/main/resources/META-INF/resources/capas/monica-globo-v1/206.jpg
207;Mônica;Globo;1;https://www.guiadosquadrinhos.com/capas/monica/mo00502;https://www.getback.com.br/Monica/Monica%20Globo/201-210.htm;https://www.getback.com.br/Monica/Monica%20Globo/201-210/207.jpg;200;image/jpeg;140;200;23989;d0f6d4d02885b1f3a7a0e451e0466c1a5baeae48a78624cbca8fca346e0e1e95;backend/src/main/resources/META-INF/resources/capas/monica-globo-v1/207.jpg
208;Mônica;Globo;1;https://www.guiadosquadrinhos.com/capas/monica/mo00502;https://www.getback.com.br/Monica/Monica%20Globo/201-210.htm;https://www.getback.com.br/Monica/Monica%20Globo/201-210/208.jpg;200;image/jpeg;140;200;23716;270e8e173c241804cec43ee97a1a84edb3aaf991b8f61b7ef2d0211343429e57;backend/src/main/resources/META-INF/resources/capas/monica-globo-v1/208.jpg
209;Mônica;Globo;1;https://www.guiadosquadrinhos.com/capas/monica/mo00502;https://www.getback.com.br/Monica/Monica%20Globo/201-210.htm;https://www.getback.com.br/Monica/Monica%20Globo/201-210/209.jpg;200;image/jpeg;140;200;22993;4bebc98141606c7d5ae41e098dd153d5fd7db18579e3de1d957a9b4fc2feba68;backend/src/main/resources/META-INF/resources/capas/monica-globo-v1/209.jpg
210;Mônica;Globo;1;https://www.guiadosquadrinhos.com/capas/monica/mo00502;https://www.getback.com.br/Monica/Monica%20Globo/201-210.htm;https://www.getback.com.br/Monica/Monica%20Globo/201-210/210.jpg;200;image/jpeg;140;200;22172;af3d77affecd82d6ff7370ebb6430ebce72f843d178fbc52cbb28832fb8df1b1;backend/src/main/resources/META-INF/resources/capas/monica-globo-v1/210.jpg
211;Mônica;Globo;1;https://www.guiadosquadrinhos.com/capas/monica/mo00502;https://www.getback.com.br/Monica/Monica%20Globo/211-220.htm;https://www.getback.com.br/Monica/Monica%20Globo/211-220/211.jpg;200;image/jpeg;140;200;26749;a4a469937b16cf4ce48b84232fa9a6631eef11648986432a00d0dbf3d7bac6f4;backend/src/main/resources/META-INF/resources/capas/monica-globo-v1/211.jpg
212;Mônica;Globo;1;https://www.guiadosquadrinhos.com/capas/monica/mo00502;https://www.getback.com.br/Monica/Monica%20Globo/211-220.htm;https://www.getback.com.br/Monica/Monica%20Globo/211-220/212.jpg;200;image/jpeg;140;200;24690;755fb9f790fbbf6a16afccb6b16d5567ddba43c1e8e11549735b53a45f877b48;backend/src/main/resources/META-INF/resources/capas/monica-globo-v1/212.jpg
213;Mônica;Globo;1;https://www.guiadosquadrinhos.com/capas/monica/mo00502;https://www.getback.com.br/Monica/Monica%20Globo/211-220.htm;https://www.getback.com.br/Monica/Monica%20Globo/211-220/213.jpg;200;image/jpeg;140;200;26139;baeeac57a5c6b56c2ec3b4def313c8d0b59f401cfec106ca54866db6ba638d35;backend/src/main/resources/META-INF/resources/capas/monica-globo-v1/213.jpg
214;Mônica;Globo;1;https://www.guiadosquadrinhos.com/capas/monica/mo00502;https://www.getback.com.br/Monica/Monica%20Globo/211-220.htm;https://www.getback.com.br/Monica/Monica%20Globo/211-220/214.jpg;200;image/jpeg;140;200;20478;ca6c49648165695dec13aee428ccc42ff7257a30ba2d7ba116b479e6f2109d80;backend/src/main/resources/META-INF/resources/capas/monica-globo-v1/214.jpg
215;Mônica;Globo;1;https://www.guiadosquadrinhos.com/capas/monica/mo00502;https://www.getback.com.br/Monica/Monica%20Globo/211-220.htm;https://www.getback.com.br/Monica/Monica%20Globo/211-220/215.jpg;200;image/jpeg;140;200;24420;dfe7fb366696340ad715b544970919faed00fdc0235edd40907416edcc43616e;backend/src/main/resources/META-INF/resources/capas/monica-globo-v1/215.jpg
216;Mônica;Globo;1;https://www.guiadosquadrinhos.com/capas/monica/mo00502;https://www.getback.com.br/Monica/Monica%20Globo/211-220.htm;https://www.getback.com.br/Monica/Monica%20Globo/211-220/216.jpg;200;image/jpeg;140;200;24421;3d6aec7b4481d78d5c8a1237b8109901a4cca3d849395d33480642d86fa85644;backend/src/main/resources/META-INF/resources/capas/monica-globo-v1/216.jpg
217;Mônica;Globo;1;https://www.guiadosquadrinhos.com/capas/monica/mo00502;https://www.getback.com.br/Monica/Monica%20Globo/211-220.htm;https://www.getback.com.br/Monica/Monica%20Globo/211-220/217.jpg;200;image/jpeg;140;200;24167;e007872485874e4dc244bc78d9e12a6d8700db554f06359dce9336bf0a9c8cdb;backend/src/main/resources/META-INF/resources/capas/monica-globo-v1/217.jpg
218;Mônica;Globo;1;https://www.guiadosquadrinhos.com/capas/monica/mo00502;https://www.getback.com.br/Monica/Monica%20Globo/211-220.htm;https://www.getback.com.br/Monica/Monica%20Globo/211-220/218.jpg;200;image/jpeg;140;200;23585;3c079c37987de18a9d3e257b1418418fa4c7d47dd8a8f8b8b2d9ab298c491c13;backend/src/main/resources/META-INF/resources/capas/monica-globo-v1/218.jpg
219;Mônica;Globo;1;https://www.guiadosquadrinhos.com/capas/monica/mo00502;https://www.getback.com.br/Monica/Monica%20Globo/211-220.htm;https://www.getback.com.br/Monica/Monica%20Globo/211-220/219.jpg;200;image/jpeg;140;200;22203;1e482778f6d8ef7b7706d1192915891fe2b8b4b9d5d69959f866c0de1b9e2014;backend/src/main/resources/META-INF/resources/capas/monica-globo-v1/219.jpg
220;Mônica;Globo;1;https://www.guiadosquadrinhos.com/capas/monica/mo00502;https://www.getback.com.br/Monica/Monica%20Globo/211-220.htm;https://www.getback.com.br/Monica/Monica%20Globo/211-220/220.jpg;200;image/jpeg;140;200;21007;18381631100df7d18cc4e406a4d678627dafaf87b92cb069b4948f9379ba7050;backend/src/main/resources/META-INF/resources/capas/monica-globo-v1/220.jpg
221;Mônica;Globo;1;https://www.guiadosquadrinhos.com/capas/monica/mo00502;https://www.getback.com.br/Monica/Monica%20Globo/221-230.htm;https://www.getback.com.br/Monica/Monica%20Globo/221-230/221.jpg;200;image/jpeg;140;200;23564;b00cbdecc91bbec49d02bf7e6cfd4473ffb6d25c9af5323faf7ca91043887c25;backend/src/main/resources/META-INF/resources/capas/monica-globo-v1/221.jpg
222;Mônica;Globo;1;https://www.guiadosquadrinhos.com/capas/monica/mo00502;https://www.getback.com.br/Monica/Monica%20Globo/221-230.htm;https://www.getback.com.br/Monica/Monica%20Globo/221-230/222.jpg;200;image/jpeg;140;200;25082;7a1a0031b19b5496b56d7a343946ad57d307c5903cd4850596c44c9a75633008;backend/src/main/resources/META-INF/resources/capas/monica-globo-v1/222.jpg
223;Mônica;Globo;1;https://www.guiadosquadrinhos.com/capas/monica/mo00502;https://www.getback.com.br/Monica/Monica%20Globo/221-230.htm;https://www.getback.com.br/Monica/Monica%20Globo/221-230/223.jpg;200;image/jpeg;140;200;25585;9cc1434dc610e660ff93b431895345831743dbcd5a27679adf10048bbd15cda0;backend/src/main/resources/META-INF/resources/capas/monica-globo-v1/223.jpg
224;Mônica;Globo;1;https://www.guiadosquadrinhos.com/capas/monica/mo00502;https://www.getback.com.br/Monica/Monica%20Globo/221-230.htm;https://www.getback.com.br/Monica/Monica%20Globo/221-230/224.jpg;200;image/jpeg;140;200;25505;47f3d6727cf23c2089271ccea445ba6178d2544eb2cf7760fadd74b10cb3f448;backend/src/main/resources/META-INF/resources/capas/monica-globo-v1/224.jpg
225;Mônica;Globo;1;https://www.guiadosquadrinhos.com/capas/monica/mo00502;https://www.getback.com.br/Monica/Monica%20Globo/221-230.htm;https://www.getback.com.br/Monica/Monica%20Globo/221-230/225.jpg;200;image/jpeg;140;200;25210;f4180ebf8ee25bc9382e2eca00552b311c1c5242451079c4174feb4ac652c1f5;backend/src/main/resources/META-INF/resources/capas/monica-globo-v1/225.jpg
226;Mônica;Globo;1;https://www.guiadosquadrinhos.com/capas/monica/mo00502;https://www.getback.com.br/Monica/Monica%20Globo/221-230.htm;https://www.getback.com.br/Monica/Monica%20Globo/221-230/226.jpg;200;image/jpeg;140;200;24454;ab3e6053cd0a159e179f0500c748843ab65a70ad6c7030749d3591daacac10f2;backend/src/main/resources/META-INF/resources/capas/monica-globo-v1/226.jpg
227;Mônica;Globo;1;https://www.guiadosquadrinhos.com/capas/monica/mo00502;https://www.getback.com.br/Monica/Monica%20Globo/221-230.htm;https://www.getback.com.br/Monica/Monica%20Globo/221-230/227.jpg;200;image/jpeg;140;200;20096;87276ccac084cee3a063032acc04bd4752132da738be678b0b16a14443ca9313;backend/src/main/resources/META-INF/resources/capas/monica-globo-v1/227.jpg
228;Mônica;Globo;1;https://www.guiadosquadrinhos.com/capas/monica/mo00502;https://www.getback.com.br/Monica/Monica%20Globo/221-230.htm;https://www.getback.com.br/Monica/Monica%20Globo/221-230/228.jpg;200;image/jpeg;140;200;23001;9511803f9310e4550e820f5f782891752da8c57c6860d0855f8a6b84a7bf2662;backend/src/main/resources/META-INF/resources/capas/monica-globo-v1/228.jpg
229;Mônica;Globo;1;https://www.guiadosquadrinhos.com/capas/monica/mo00502;https://www.getback.com.br/Monica/Monica%20Globo/221-230.htm;https://www.getback.com.br/Monica/Monica%20Globo/221-230/229.jpg;200;image/jpeg;140;200;24535;c86c99337e33a6fe09fbe8cccfa9186f61872fc8ccc2b69ca4b699a0783612cb;backend/src/main/resources/META-INF/resources/capas/monica-globo-v1/229.jpg
230;Mônica;Globo;1;https://www.guiadosquadrinhos.com/capas/monica/mo00502;https://www.getback.com.br/Monica/Monica%20Globo/221-230.htm;https://www.getback.com.br/Monica/Monica%20Globo/221-230/230.jpg;200;image/jpeg;140;200;23619;f758332af14915ff3cfc149a1d3995d0fa7dba0192c2bd98dd27d9f3bcf9ddfb;backend/src/main/resources/META-INF/resources/capas/monica-globo-v1/230.jpg
231;Mônica;Globo;1;https://www.guiadosquadrinhos.com/capas/monica/mo00502;https://www.getback.com.br/Monica/Monica%20Globo/231-240.htm;https://www.getback.com.br/Monica/Monica%20Globo/231-240/231.jpg;200;image/jpeg;140;200;25203;d6394be34a29ef91dc371d9bf187afac6cff0e89b18f79c2755c4b272519cb74;backend/src/main/resources/META-INF/resources/capas/monica-globo-v1/231.jpg
232;Mônica;Globo;1;https://www.guiadosquadrinhos.com/capas/monica/mo00502;https://www.getback.com.br/Monica/Monica%20Globo/231-240.htm;https://www.getback.com.br/Monica/Monica%20Globo/231-240/232.jpg;200;image/jpeg;140;200;26079;ffb47987bd355086dbc6b2f38ec8f85f60cc6c0c003e1812a2659bb4d31f7b96;backend/src/main/resources/META-INF/resources/capas/monica-globo-v1/232.jpg
233;Mônica;Globo;1;https://www.guiadosquadrinhos.com/capas/monica/mo00502;https://www.getback.com.br/Monica/Monica%20Globo/231-240.htm;https://www.getback.com.br/Monica/Monica%20Globo/231-240/233.jpg;200;image/jpeg;140;200;25259;451630312ff148645251a12100f0f11537f19800a603d898af0c0a991a76f5b7;backend/src/main/resources/META-INF/resources/capas/monica-globo-v1/233.jpg
234;Mônica;Globo;1;https://www.guiadosquadrinhos.com/capas/monica/mo00502;https://www.getback.com.br/Monica/Monica%20Globo/231-240.htm;https://www.getback.com.br/Monica/Monica%20Globo/231-240/234.jpg;200;image/jpeg;140;200;21720;46d9e4a8c622847394af674c764a3feaef0c1fe10c014d9eae1664f29c38b58b;backend/src/main/resources/META-INF/resources/capas/monica-globo-v1/234.jpg
235;Mônica;Globo;1;https://www.guiadosquadrinhos.com/capas/monica/mo00502;https://www.getback.com.br/Monica/Monica%20Globo/231-240.htm;https://www.getback.com.br/Monica/Monica%20Globo/231-240/235.jpg;200;image/jpeg;140;200;24469;635acf4f24c4514889f37f7c5c1171d41c93b182edbc7d1674b4d3db7b9df4f3;backend/src/main/resources/META-INF/resources/capas/monica-globo-v1/235.jpg
236;Mônica;Globo;1;https://www.guiadosquadrinhos.com/capas/monica/mo00502;https://www.getback.com.br/Monica/Monica%20Globo/231-240.htm;https://www.getback.com.br/Monica/Monica%20Globo/231-240/236.jpg;200;image/jpeg;140;200;23431;9cffee4b54645c49a71b4f52cedada66c7defd708ed6dc689a208915c99a212d;backend/src/main/resources/META-INF/resources/capas/monica-globo-v1/236.jpg
237;Mônica;Globo;1;https://www.guiadosquadrinhos.com/capas/monica/mo00502;https://www.getback.com.br/Monica/Monica%20Globo/231-240.htm;https://www.getback.com.br/Monica/Monica%20Globo/231-240/237.jpg;200;image/jpeg;140;200;25743;fb144259ceba12b68ab1383b0d27273bcddd92ed830a3f19e40bf462bb56052d;backend/src/main/resources/META-INF/resources/capas/monica-globo-v1/237.jpg
238;Mônica;Globo;1;https://www.guiadosquadrinhos.com/capas/monica/mo00502;https://www.getback.com.br/Monica/Monica%20Globo/231-240.htm;https://www.getback.com.br/Monica/Monica%20Globo/231-240/238.jpg;200;image/jpeg;140;200;26396;9e248ae8b512e12dfa2e626d91a7bf01c0db1afefabe84e4e66a92617a2d9f39;backend/src/main/resources/META-INF/resources/capas/monica-globo-v1/238.jpg
239;Mônica;Globo;1;https://www.guiadosquadrinhos.com/capas/monica/mo00502;https://www.getback.com.br/Monica/Monica%20Globo/231-240.htm;https://www.getback.com.br/Monica/Monica%20Globo/231-240/239.jpg;200;image/jpeg;140;200;22640;4b0fbc7f6b111abbb4ea948ed736700b04d3c45b4cdef5f6410b1f17fa63bb55;backend/src/main/resources/META-INF/resources/capas/monica-globo-v1/239.jpg
240;Mônica;Globo;1;https://www.guiadosquadrinhos.com/capas/monica/mo00502;https://www.getback.com.br/Monica/Monica%20Globo/231-240.htm;https://www.getback.com.br/Monica/Monica%20Globo/231-240/240.jpg;200;image/jpeg;139;198;25772;c79497e808747de841406548df4b960b2ed595dfbfc641ca0d691910331b916c;backend/src/main/resources/META-INF/resources/capas/monica-globo-v1/240.jpg
241;Mônica;Globo;1;https://www.guiadosquadrinhos.com/capas/monica/mo00502;https://www.getback.com.br/Monica/Monica%20Globo/241-246.htm;https://www.getback.com.br/Monica/Monica%20Globo/241-250/241.jpg;200;image/jpeg;137;196;23961;5c762a9934686bb23dcae5aa6a758718a5cde0dfaec616fbd0c96c41a13bdc4b;backend/src/main/resources/META-INF/resources/capas/monica-globo-v1/241.jpg
242;Mônica;Globo;1;https://www.guiadosquadrinhos.com/capas/monica/mo00502;https://www.getback.com.br/Monica/Monica%20Globo/241-246.htm;https://www.getback.com.br/Monica/Monica%20Globo/241-250/242.jpg;200;image/jpeg;138;197;28267;2c1cb0d5f92bab0a0490e913a9b3879926e2fb7cf0bd512f627f0e7c1f53d5bc;backend/src/main/resources/META-INF/resources/capas/monica-globo-v1/242.jpg
243;Mônica;Globo;1;https://www.guiadosquadrinhos.com/capas/monica/mo00502;https://www.getback.com.br/Monica/Monica%20Globo/241-246.htm;https://www.getback.com.br/Monica/Monica%20Globo/241-250/243.jpg;200;image/jpeg;139;198;25332;9aa81fe55cbf0fb18a50df2163c507eb85ca783d2982aae0b4e7230b399fcea9;backend/src/main/resources/META-INF/resources/capas/monica-globo-v1/243.jpg
244;Mônica;Globo;1;https://www.guiadosquadrinhos.com/capas/monica/mo00502;https://www.getback.com.br/Monica/Monica%20Globo/241-246.htm;https://www.getback.com.br/Monica/Monica%20Globo/241-250/244.jpg;200;image/jpeg;140;200;26161;767eb9edb4cf892f55946f4a027dc90117d671a57933e197734610647180d620;backend/src/main/resources/META-INF/resources/capas/monica-globo-v1/244.jpg
245;Mônica;Globo;1;https://www.guiadosquadrinhos.com/capas/monica/mo00502;https://www.getback.com.br/Monica/Monica%20Globo/241-246.htm;https://www.getback.com.br/Monica/Monica%20Globo/241-250/245.jpg;200;image/jpeg;139;198;26064;003262b02c28c4a354692a5de92df66c6503344776240928b986d39a09890ec7;backend/src/main/resources/META-INF/resources/capas/monica-globo-v1/245.jpg
246;Mônica;Globo;1;https://www.guiadosquadrinhos.com/capas/monica/mo00502;https://www.getback.com.br/Monica/Monica%20Globo/241-246.htm;https://www.getback.com.br/Monica/Monica%20Globo/241-250/246.jpg;200;image/jpeg;138;197;26094;9d56707739d6c86fdcbc0df0eb0744161441a609706a0b9a67787774df181fb3;backend/src/main/resources/META-INF/resources/capas/monica-globo-v1/246.jpg
