numero;titulo;editora;volume;referencia_catalogo;fonte_imagem;asset_id;url_imagem;status_http;content_type;largura;altura;bytes;sha256;validacao_visual;arquivo
29;Pato Donald, O;Abril;1;https://www.guiadosquadrinhos.com/capas/pato-donald-o/ptd0031;Rika Comic Shop;172651;https://rika.vtexassets.com/arquivos/ids/172651/-disney-pato-donald-0029.jpg;200;image/jpeg;381;603;48492;55995d08a9dab0d60036c002d5b3cca12c343a3520cdbb4fc4cf4e6802a76ba5;confirmada;backend/src/main/resources/META-INF/resources/capas/pato-donald-abril-v1/029.jpg
30;Pato Donald, O;Abril;1;https://www.guiadosquadrinhos.com/capas/pato-donald-o/ptd0031;Rika Comic Shop;172652;https://rika.vtexassets.com/arquivos/ids/172652/-disney-pato-donald-0030.jpg;200;image/jpeg;381;603;46443;45d8d0849696b0fe9af9777982893842c3f26abbd81ab8fb9aacdeb56f146f52;confirmada;backend/src/main/resources/META-INF/resources/capas/pato-donald-abril-v1/030.jpg
31;Pato Donald, O;Abril;1;https://www.guiadosquadrinhos.com/capas/pato-donald-o/ptd0031;Rika Comic Shop;172653;https://rika.vtexassets.com/arquivos/ids/172653/-disney-pato-donald-0031.jpg;200;image/jpeg;381;597;41637;6cbaf6216ae6172f34d98e445a0f30339912a7af28a1085524bfbc888f27201b;confirmada;backend/src/main/resources/META-INF/resources/capas/pato-donald-abril-v1/031.jpg
32;Pato Donald, O;Abril;1;https://www.guiadosquadrinhos.com/capas/pato-donald-o/ptd0031;Rika Comic Shop;172654;https://rika.vtexassets.com/arquivos/ids/172654/-disney-pato-donald-0032.jpg;200;image/jpeg;381;600;32880;305a3a87c0108ec65736ec96fa49d166b1b461cf069227390e1c75a96c313980;confirmada;backend/src/main/resources/META-INF/resources/capas/pato-donald-abril-v1/032.jpg
33;Pato Donald, O;Abril;1;https://www.guiadosquadrinhos.com/capas/pato-donald-o/ptd0031;Rika Comic Shop;172655;https://rika.vtexassets.com/arquivos/ids/172655/-disney-pato-donald-0033.jpg;200;image/jpeg;327;520;44514;68f78c8261b83ab768155f3c78a4085ca82b1828d3ee99423e8a00dbbb0d081b;confirmada;backend/src/main/resources/META-INF/resources/capas/pato-donald-abril-v1/033.jpg
34;Pato Donald, O;Abril;1;https://www.guiadosquadrinhos.com/capas/pato-donald-o/ptd0031;Rika Comic Shop;172656;https://rika.vtexassets.com/arquivos/ids/172656/-disney-pato-donald-0034.jpg;200;image/jpeg;368;591;40769;c8413aa08c19b8e2fd9289dc60ee9c7c954931aea1904fee9d792bd2f3f004fc;confirmada;backend/src/main/resources/META-INF/resources/capas/pato-donald-abril-v1/034.jpg
35;Pato Donald, O;Abril;1;https://www.guiadosquadrinhos.com/capas/pato-donald-o/ptd0031;Rika Comic Shop;172657;https://rika.vtexassets.com/arquivos/ids/172657/-disney-pato-donald-0035.jpg;200;image/jpeg;381;603;41435;8f156bfc4fe0a0a3477fb35223612bb29dcbfe1394877452397c0a4941df17c6;confirmada;backend/src/main/resources/META-INF/resources/capas/pato-donald-abril-v1/035.jpg
36;Pato Donald, O;Abril;1;https://www.guiadosquadrinhos.com/capas/pato-donald-o/ptd0031;Rika Comic Shop;172658;https://rika.vtexassets.com/arquivos/ids/172658/-disney-pato-donald-0036.jpg;200;image/jpeg;341;524;45652;d35d2793973c39c6c43cd39e3f07bca2a68ca2aa66969021821e4d5585ac17b2;confirmada;backend/src/main/resources/META-INF/resources/capas/pato-donald-abril-v1/036.jpg
37;Pato Donald, O;Abril;1;https://www.guiadosquadrinhos.com/capas/pato-donald-o/ptd0031;Rika Comic Shop;172659;https://rika.vtexassets.com/arquivos/ids/172659/-disney-pato-donald-0037.jpg;200;image/jpeg;381;597;46937;6b7950f16178690fa22c77e3a5e829687c27c236793ce1e293d637776bf8bdba;confirmada;backend/src/main/resources/META-INF/resources/capas/pato-donald-abril-v1/037.jpg
38;Pato Donald, O;Abril;1;https://www.guiadosquadrinhos.com/capas/pato-donald-o/ptd0031;Rika Comic Shop;172660;https://rika.vtexassets.com/arquivos/ids/172660/-disney-pato-donald-0038.jpg;200;image/jpeg;325;522;47580;6e2bd1c20c05747c637ae1f23e63533761998ef95f2bbd69bad8987f2077a8bf;confirmada;backend/src/main/resources/META-INF/resources/capas/pato-donald-abril-v1/038.jpg
39;Pato Donald, O;Abril;1;https://www.guiadosquadrinhos.com/capas/pato-donald-o/ptd0031;Rika Comic Shop;172661;https://rika.vtexassets.com/arquivos/ids/172661/-disney-pato-donald-0039.jpg;200;image/jpeg;368;599;34992;c8479b9b1c017a84e78bad52d2a158564623224ef0a99e8a69445082e668315e;confirmada;backend/src/main/resources/META-INF/resources/capas/pato-donald-abril-v1/039.jpg
40;Pato Donald, O;Abril;1;https://www.guiadosquadrinhos.com/capas/pato-donald-o/ptd0031;Rika Comic Shop;172662;https://rika.vtexassets.com/arquivos/ids/172662/-disney-pato-donald-0040.jpg;200;image/jpeg;328;524;51293;f1a302a6c13ee5ff2d4829981870f6c2c44bc24bdc583c506b11eb6a1d53a438;confirmada;backend/src/main/resources/META-INF/resources/capas/pato-donald-abril-v1/040.jpg
41;Pato Donald, O;Abril;1;https://www.guiadosquadrinhos.com/capas/pato-donald-o/ptd0031;Rika Comic Shop;172663;https://rika.vtexassets.com/arquivos/ids/172663/-disney-pato-donald-0041.jpg;200;image/jpeg;329;518;38636;810be6ae6bf1e6bb72cb93e7c7d5627712960ad79cdce77300b12030692aa832;confirmada;backend/src/main/resources/META-INF/resources/capas/pato-donald-abril-v1/041.jpg
42;Pato Donald, O;Abril;1;https://www.guiadosquadrinhos.com/capas/pato-donald-o/ptd0031;Rika Comic Shop;172664;https://rika.vtexassets.com/arquivos/ids/172664/-disney-pato-donald-0042.jpg;200;image/jpeg;345;525;56439;3a44076cb161e11f715a9fd86bd8abe6c10b8bd5b48ee4a0b3a83b5e4fa822b0;confirmada;backend/src/main/resources/META-INF/resources/capas/pato-donald-abril-v1/042.jpg
43;Pato Donald, O;Abril;1;https://www.guiadosquadrinhos.com/capas/pato-donald-o/ptd0031;Rika Comic Shop;172665;https://rika.vtexassets.com/arquivos/ids/172665/-disney-pato-donald-0043.jpg;200;image/jpeg;347;522;48741;f01ae667c990d40d690d918d7cf56821d24102d4f61b68e2dcc0f881da74df0a;confirmada;backend/src/main/resources/META-INF/resources/capas/pato-donald-abril-v1/043.jpg
44;Pato Donald, O;Abril;1;https://www.guiadosquadrinhos.com/capas/pato-donald-o/ptd0031;Rika Comic Shop;172666;https://rika.vtexassets.com/arquivos/ids/172666/-disney-pato-donald-0044.jpg;200;image/jpeg;368;599;45748;ce4e07b3a42b29b4da23edad75b4b7b3966643566d91151d5dfba6e13cd65dc8;confirmada;backend/src/main/resources/META-INF/resources/capas/pato-donald-abril-v1/044.jpg
45;Pato Donald, O;Abril;1;https://www.guiadosquadrinhos.com/capas/pato-donald-o/ptd0031;Rika Comic Shop;172667;https://rika.vtexassets.com/arquivos/ids/172667/-disney-pato-donald-0045.jpg;200;image/jpeg;368;599;40762;6a338a51e347d8a4da0d71e9764931c0bcfa4e42c1e7306c23416e81782042d7;confirmada;backend/src/main/resources/META-INF/resources/capas/pato-donald-abril-v1/045.jpg
46;Pato Donald, O;Abril;1;https://www.guiadosquadrinhos.com/capas/pato-donald-o/ptd0031;Rika Comic Shop;172668;https://rika.vtexassets.com/arquivos/ids/172668/-disney-pato-donald-0046.jpg;200;image/jpeg;368;599;40938;75b4177b9bdaf66f329a65077d5f6d587e5cafd674149316fcce8b52683f2fb1;confirmada;backend/src/main/resources/META-INF/resources/capas/pato-donald-abril-v1/046.jpg
47;Pato Donald, O;Abril;1;https://www.guiadosquadrinhos.com/capas/pato-donald-o/ptd0031;Rika Comic Shop;172669;https://rika.vtexassets.com/arquivos/ids/172669/-disney-pato-donald-0047.jpg;200;image/jpeg;368;599;38072;08a7b0f55e610bc4a86285a510aeef00dc914d4e5c17b9b8cb6c25e4d2164721;confirmada;backend/src/main/resources/META-INF/resources/capas/pato-donald-abril-v1/047.jpg
48;Pato Donald, O;Abril;1;https://www.guiadosquadrinhos.com/capas/pato-donald-o/ptd0031;Rika Comic Shop;172670;https://rika.vtexassets.com/arquivos/ids/172670/-disney-pato-donald-0048.jpg;200;image/jpeg;368;599;43382;c75980e5582ce6c269481b8abd1887001b718ca33efe9db87260a7a448b2415a;confirmada;backend/src/main/resources/META-INF/resources/capas/pato-donald-abril-v1/048.jpg
49;Pato Donald, O;Abril;1;https://www.guiadosquadrinhos.com/capas/pato-donald-o/ptd0031;Rika Comic Shop;172671;https://rika.vtexassets.com/arquivos/ids/172671/-disney-pato-donald-0049.jpg;200;image/jpeg;368;599;35917;278055aa566633e7ee4344da910e11ccf453308be502068eefb1d9df2e5bb545;confirmada;backend/src/main/resources/META-INF/resources/capas/pato-donald-abril-v1/049.jpg
50;Pato Donald, O;Abril;1;https://www.guiadosquadrinhos.com/capas/pato-donald-o/ptd0031;Rika Comic Shop;172672;https://rika.vtexassets.com/arquivos/ids/172672/-disney-pato-donald-0050.jpg;200;image/jpeg;381;603;52938;eec351dfa8e40d1d7aa725b15d0d58ea0b821260592949e22e34601a25dea07b;confirmada;backend/src/main/resources/META-INF/resources/capas/pato-donald-abril-v1/050.jpg
51;Pato Donald, O;Abril;1;https://www.guiadosquadrinhos.com/capas/pato-donald-o/ptd0031;Rika Comic Shop;172673;https://rika.vtexassets.com/arquivos/ids/172673/-disney-pato-donald-0051.jpg;200;image/jpeg;334;524;50609;99e56c0879f4f2878e9e342c47dd4df46dedd79d7d5aacd738c4983583eeb04b;confirmada;backend/src/main/resources/META-INF/resources/capas/pato-donald-abril-v1/051.jpg
52;Pato Donald, O;Abril;1;https://www.guiadosquadrinhos.com/capas/pato-donald-o/ptd0031;Rika Comic Shop;172674;https://rika.vtexassets.com/arquivos/ids/172674/-disney-pato-donald-0052.jpg;200;image/jpeg;333;520;48881;49b50cb3b5203a3eceefd4c21e1e234b686830c0a57a9ec816924412e4ea2482;confirmada;backend/src/main/resources/META-INF/resources/capas/pato-donald-abril-v1/052.jpg
53;Pato Donald, O;Abril;1;https://www.guiadosquadrinhos.com/capas/pato-donald-o/ptd0031;Rika Comic Shop;172675;https://rika.vtexassets.com/arquivos/ids/172675/-disney-pato-donald-0053.jpg;200;image/jpeg;345;517;51191;2470a1abc62ea4b319f7dda7e59a3d056124e4afa2bbfd659c1c9f46ac37e97f;confirmada;backend/src/main/resources/META-INF/resources/capas/pato-donald-abril-v1/053.jpg
54;Pato Donald, O;Abril;1;https://www.guiadosquadrinhos.com/capas/pato-donald-o/ptd0031;Rika Comic Shop;172676;https://rika.vtexassets.com/arquivos/ids/172676/-disney-pato-donald-0054.jpg;200;image/jpeg;368;599;41157;e2df497748b61768506ae1bf33b734d1894eaf897584ba775e40ea82e3a16c09;confirmada;backend/src/main/resources/META-INF/resources/capas/pato-donald-abril-v1/054.jpg
55;Pato Donald, O;Abril;1;https://www.guiadosquadrinhos.com/capas/pato-donald-o/ptd0031;Rika Comic Shop;172677;https://rika.vtexassets.com/arquivos/ids/172677/-disney-pato-donald-0055.jpg;200;image/jpeg;368;599;43158;d9be702926121f70febc744b09dbaf7df533d95e5dd20792f1c63cc05bd2f09c;confirmada;backend/src/main/resources/META-INF/resources/capas/pato-donald-abril-v1/055.jpg
56;Pato Donald, O;Abril;1;https://www.guiadosquadrinhos.com/capas/pato-donald-o/ptd0031;Rika Comic Shop;172678;https://rika.vtexassets.com/arquivos/ids/172678/-disney-pato-donald-0056.jpg;200;image/jpeg;368;599;46058;dd802c36a68d0e0d26dd87dd9bfb9f5d2c5fb11c729329d9b3cb3836cf1ad61f;confirmada;backend/src/main/resources/META-INF/resources/capas/pato-donald-abril-v1/056.jpg
57;Pato Donald, O;Abril;1;https://www.guiadosquadrinhos.com/capas/pato-donald-o/ptd0031;Rika Comic Shop;172679;https://rika.vtexassets.com/arquivos/ids/172679/-disney-pato-donald-0057.jpg;200;image/jpeg;368;599;36411;45e4a5b5ac798719d0c1b33d1f23d03e7b1e711f678def15e4f860b20eed3ffa;confirmada;backend/src/main/resources/META-INF/resources/capas/pato-donald-abril-v1/057.jpg
58;Pato Donald, O;Abril;1;https://www.guiadosquadrinhos.com/capas/pato-donald-o/ptd0031;Rika Comic Shop;172680;https://rika.vtexassets.com/arquivos/ids/172680/-disney-pato-donald-0058.jpg;200;image/jpeg;368;599;36182;e340381262b00b5c75deb37fbe11cad534c8c205753c0415da2b3a9dfb622142;confirmada;backend/src/main/resources/META-INF/resources/capas/pato-donald-abril-v1/058.jpg
59;Pato Donald, O;Abril;1;https://www.guiadosquadrinhos.com/capas/pato-donald-o/ptd0031;Rika Comic Shop;172681;https://rika.vtexassets.com/arquivos/ids/172681/-disney-pato-donald-0059.jpg;200;image/jpeg;368;599;43827;1c64c091ef1a25aaa27b2ea746a29121911d154c96e1949c2ed0378fe647a89e;confirmada;backend/src/main/resources/META-INF/resources/capas/pato-donald-abril-v1/059.jpg
60;Pato Donald, O;Abril;1;https://www.guiadosquadrinhos.com/capas/pato-donald-o/ptd0031;Rika Comic Shop;172682;https://rika.vtexassets.com/arquivos/ids/172682/-disney-pato-donald-0060.jpg;200;image/jpeg;368;599;42267;45833b34bda8b36360dbb534fdec6ea1da3d05ced6ee4e47b09e685ea893fac4;confirmada;backend/src/main/resources/META-INF/resources/capas/pato-donald-abril-v1/060.jpg
61;Pato Donald, O;Abril;1;https://www.guiadosquadrinhos.com/capas/pato-donald-o/ptd0031;Rika Comic Shop;172683;https://rika.vtexassets.com/arquivos/ids/172683/-disney-pato-donald-0061.jpg;200;image/jpeg;368;599;46670;3a0b72cc8c6596fde810926a39b13612f6c94140a3fb82893e48bcaf78b88f15;confirmada;backend/src/main/resources/META-INF/resources/capas/pato-donald-abril-v1/061.jpg
62;Pato Donald, O;Abril;1;https://www.guiadosquadrinhos.com/capas/pato-donald-o/ptd0031;Rika Comic Shop;172684;https://rika.vtexassets.com/arquivos/ids/172684/-disney-pato-donald-0062.jpg;200;image/jpeg;348;519;51201;ec9a104aa98f6fdcfb78a02acb0a629bd7c921337d69c0fd98e51fb9c8094d96;confirmada;backend/src/main/resources/META-INF/resources/capas/pato-donald-abril-v1/062.jpg
63;Pato Donald, O;Abril;1;https://www.guiadosquadrinhos.com/capas/pato-donald-o/ptd0031;Rika Comic Shop;172685;https://rika.vtexassets.com/arquivos/ids/172685/-disney-pato-donald-0063.jpg;200;image/jpeg;368;599;47785;9e2fbd2fcd3b050ac23ab9e2030aa8d19016acfbac0c69094a34801e138dfcb1;confirmada;backend/src/main/resources/META-INF/resources/capas/pato-donald-abril-v1/063.jpg
64;Pato Donald, O;Abril;1;https://www.guiadosquadrinhos.com/capas/pato-donald-o/ptd0031;Rika Comic Shop;172686;https://rika.vtexassets.com/arquivos/ids/172686/-disney-pato-donald-0064.jpg;200;image/jpeg;348;520;49956;0a306221ddd3281c849ef3154de8f03b8019fe0e7f2f616f8425a69758f517cc;confirmada;backend/src/main/resources/META-INF/resources/capas/pato-donald-abril-v1/064.jpg
65;Pato Donald, O;Abril;1;https://www.guiadosquadrinhos.com/capas/pato-donald-o/ptd0031;Rika Comic Shop;172687;https://rika.vtexassets.com/arquivos/ids/172687/-disney-pato-donald-0065.jpg;200;image/jpeg;345;526;52044;872d1c7b9c74335e7a83c81f57efc4a99805c8f017f1025940dd8c12821795a3;confirmada;backend/src/main/resources/META-INF/resources/capas/pato-donald-abril-v1/065.jpg
66;Pato Donald, O;Abril;1;https://www.guiadosquadrinhos.com/capas/pato-donald-o/ptd0031;Rika Comic Shop;172688;https://rika.vtexassets.com/arquivos/ids/172688/-disney-pato-donald-0066.jpg;200;image/jpeg;345;532;47509;f76a7989a1d65e3bdb97fd55aa4cb64660c8c89bee34d69c75e8ac13809fa81f;confirmada;backend/src/main/resources/META-INF/resources/capas/pato-donald-abril-v1/066.jpg
67;Pato Donald, O;Abril;1;https://www.guiadosquadrinhos.com/capas/pato-donald-o/ptd0031;Rika Comic Shop;172689;https://rika.vtexassets.com/arquivos/ids/172689/-disney-pato-donald-0067.jpg;200;image/jpeg;351;522;55888;3608f324f9b23fb580af8ce7fddddd3e4f36df060be0aae93adf0308be5b806a;confirmada;backend/src/main/resources/META-INF/resources/capas/pato-donald-abril-v1/067.jpg
68;Pato Donald, O;Abril;1;https://www.guiadosquadrinhos.com/capas/pato-donald-o/ptd0031;Rika Comic Shop;172690;https://rika.vtexassets.com/arquivos/ids/172690/-disney-pato-donald-0068.jpg;200;image/jpeg;341;523;49714;b32d4fbbb4e3808eb8a40cd6beaabc846153ef86e27d2431fcc5941e8835c21d;confirmada;backend/src/main/resources/META-INF/resources/capas/pato-donald-abril-v1/068.jpg
69;Pato Donald, O;Abril;1;https://www.guiadosquadrinhos.com/capas/pato-donald-o/ptd0031;Rika Comic Shop;172691;https://rika.vtexassets.com/arquivos/ids/172691/-disney-pato-donald-0069.jpg;200;image/jpeg;342;521;49003;bc8ffc57811870bfd1733762510172ba7389c67cce27d9798f7a1bbc646eb90c;confirmada;backend/src/main/resources/META-INF/resources/capas/pato-donald-abril-v1/069.jpg
70;Pato Donald, O;Abril;1;https://www.guiadosquadrinhos.com/capas/pato-donald-o/ptd0031;Rika Comic Shop;172692;https://rika.vtexassets.com/arquivos/ids/172692/-disney-pato-donald-0070.jpg;200;image/jpeg;337;522;45400;9584ebd98a12a43299071f550127e43915de64c72e3ca7acf27504db3d597859;confirmada;backend/src/main/resources/META-INF/resources/capas/pato-donald-abril-v1/070.jpg
71;Pato Donald, O;Abril;1;https://www.guiadosquadrinhos.com/capas/pato-donald-o/ptd0031;Rika Comic Shop;172693;https://rika.vtexassets.com/arquivos/ids/172693/-disney-pato-donald-0071.jpg;200;image/jpeg;384;601;38402;d128fa2a222775c9b2e446d75f61b3803c0b54e2bb6c650f3dc6182a0d1199c2;confirmada;backend/src/main/resources/META-INF/resources/capas/pato-donald-abril-v1/071.jpg
72;Pato Donald, O;Abril;1;https://www.guiadosquadrinhos.com/capas/pato-donald-o/ptd0031;Rika Comic Shop;172694;https://rika.vtexassets.com/arquivos/ids/172694/-disney-pato-donald-0072.jpg;200;image/jpeg;343;525;47698;4b7d69611ba5949adc0b02c4bb371a40b98cd9ccb0cf3e8727e14d6f26817d0b;confirmada;backend/src/main/resources/META-INF/resources/capas/pato-donald-abril-v1/072.jpg
73;Pato Donald, O;Abril;1;https://www.guiadosquadrinhos.com/capas/pato-donald-o/ptd0031;Rika Comic Shop;172695;https://rika.vtexassets.com/arquivos/ids/172695/-disney-pato-donald-0073.jpg;200;image/jpeg;384;601;35738;a9ffc52b54b183b27a6b89d0c7e43eb6328704710293a46c5fd66efa4f664ba7;confirmada;backend/src/main/resources/META-INF/resources/capas/pato-donald-abril-v1/073.jpg
74;Pato Donald, O;Abril;1;https://www.guiadosquadrinhos.com/capas/pato-donald-o/ptd0031;Rika Comic Shop;172696;https://rika.vtexassets.com/arquivos/ids/172696/-disney-pato-donald-0074.jpg;200;image/jpeg;340;519;47156;1ec976ab26aeec38d0cb0e490a4b9a8ac8463dd410aee74ee4ce3d30d5d19bdd;confirmada;backend/src/main/resources/META-INF/resources/capas/pato-donald-abril-v1/074.jpg
75;Pato Donald, O;Abril;1;https://www.guiadosquadrinhos.com/capas/pato-donald-o/ptd0031;Rika Comic Shop;172697;https://rika.vtexassets.com/arquivos/ids/172697/-disney-pato-donald-0075.jpg;200;image/jpeg;384;601;40405;c5bbd2a6ac616b39a370b884fc85526faa68ccd4559ca0b10c86c301ee92a6b2;confirmada;backend/src/main/resources/META-INF/resources/capas/pato-donald-abril-v1/075.jpg
76;Pato Donald, O;Abril;1;https://www.guiadosquadrinhos.com/capas/pato-donald-o/ptd0031;Rika Comic Shop;172698;https://rika.vtexassets.com/arquivos/ids/172698/-disney-pato-donald-0076.jpg;200;image/jpeg;384;601;44208;2b921d6f903b796bda5dea84787e6cf9782e529755b1df2083ca51af02980e0e;confirmada;backend/src/main/resources/META-INF/resources/capas/pato-donald-abril-v1/076.jpg
77;Pato Donald, O;Abril;1;https://www.guiadosquadrinhos.com/capas/pato-donald-o/ptd0031;Rika Comic Shop;172699;https://rika.vtexassets.com/arquivos/ids/172699/-disney-pato-donald-0077.jpg;200;image/jpeg;345;522;46601;358558ae8beecde80b0d0986ed0dcb57ee7e0de1f09d437b39c21c11a75279d8;confirmada;backend/src/main/resources/META-INF/resources/capas/pato-donald-abril-v1/077.jpg
78;Pato Donald, O;Abril;1;https://www.guiadosquadrinhos.com/capas/pato-donald-o/ptd0031;Rika Comic Shop;172700;https://rika.vtexassets.com/arquivos/ids/172700/-disney-pato-donald-0078.jpg;200;image/jpeg;339;521;49736;7af6e4fa4a2f294762bf6db136f08e0862e09b973aba4943fe06200104602d5c;confirmada;backend/src/main/resources/META-INF/resources/capas/pato-donald-abril-v1/078.jpg
79;Pato Donald, O;Abril;1;https://www.guiadosquadrinhos.com/capas/pato-donald-o/ptd0031;Rika Comic Shop;172701;https://rika.vtexassets.com/arquivos/ids/172701/-disney-pato-donald-0079.jpg;200;image/jpeg;343;528;51986;a19b6979050d21b4cf01e33f6a25e9631e1da2982b729b8128a87ef552d49bfa;confirmada;backend/src/main/resources/META-INF/resources/capas/pato-donald-abril-v1/079.jpg
80;Pato Donald, O;Abril;1;https://www.guiadosquadrinhos.com/capas/pato-donald-o/ptd0031;Rika Comic Shop;172702;https://rika.vtexassets.com/arquivos/ids/172702/-disney-pato-donald-0080.jpg;200;image/jpeg;341;524;42086;c0249ff56774e5cfbfab2a5266545fa008763a5f2e6dd3f325204542480ec4fd;confirmada;backend/src/main/resources/META-INF/resources/capas/pato-donald-abril-v1/080.jpg
81;Pato Donald, O;Abril;1;https://www.guiadosquadrinhos.com/capas/pato-donald-o/ptd0031;Rika Comic Shop;172703;https://rika.vtexassets.com/arquivos/ids/172703/-disney-pato-donald-0081.jpg;200;image/jpeg;384;601;42313;f4e3a60aa9234126983ed54e5cb87d842d51acd12ea6ec66b862f767862af071;confirmada;backend/src/main/resources/META-INF/resources/capas/pato-donald-abril-v1/081.jpg
82;Pato Donald, O;Abril;1;https://www.guiadosquadrinhos.com/capas/pato-donald-o/ptd0031;Rika Comic Shop;172704;https://rika.vtexassets.com/arquivos/ids/172704/-disney-pato-donald-0082.jpg;200;image/jpeg;384;601;42308;78bf5e60e8e42df1164c7571a96d6f75184eb7586e16bdee96c9cbff5b9d8d65;confirmada;backend/src/main/resources/META-INF/resources/capas/pato-donald-abril-v1/082.jpg
83;Pato Donald, O;Abril;1;https://www.guiadosquadrinhos.com/capas/pato-donald-o/ptd0031;Rika Comic Shop;172705;https://rika.vtexassets.com/arquivos/ids/172705/-disney-pato-donald-0083.jpg;200;image/jpeg;384;601;40852;33d78b86a58012e1caa07339e499d0bc7de009466b6adda9b20afde576f274b7;confirmada;backend/src/main/resources/META-INF/resources/capas/pato-donald-abril-v1/083.jpg
84;Pato Donald, O;Abril;1;https://www.guiadosquadrinhos.com/capas/pato-donald-o/ptd0031;Rika Comic Shop;172706;https://rika.vtexassets.com/arquivos/ids/172706/-disney-pato-donald-0084.jpg;200;image/jpeg;384;601;51283;3b86d37eadd6bf611831cab603cb46956ca0642ad1347898a59caad85f139fc1;confirmada;backend/src/main/resources/META-INF/resources/capas/pato-donald-abril-v1/084.jpg
85;Pato Donald, O;Abril;1;https://www.guiadosquadrinhos.com/capas/pato-donald-o/ptd0031;Rika Comic Shop;172707;https://rika.vtexassets.com/arquivos/ids/172707/-disney-pato-donald-0085.jpg;200;image/jpeg;343;524;46367;ec07c18d95fe257323b855f747a428c1fc478655141e23dfe996eab102bb4d3e;confirmada;backend/src/main/resources/META-INF/resources/capas/pato-donald-abril-v1/085.jpg
86;Pato Donald, O;Abril;1;https://www.guiadosquadrinhos.com/capas/pato-donald-o/ptd0031;Rika Comic Shop;172708;https://rika.vtexassets.com/arquivos/ids/172708/-disney-pato-donald-0086.jpg;200;image/jpeg;333;525;49145;004a72927274f8da6ca34bb31394d1d7e8f0fa6d799919147837252eb8c7c1bb;confirmada;backend/src/main/resources/META-INF/resources/capas/pato-donald-abril-v1/086.jpg
87;Pato Donald, O;Abril;1;https://www.guiadosquadrinhos.com/capas/pato-donald-o/ptd0031;Rika Comic Shop;172709;https://rika.vtexassets.com/arquivos/ids/172709/-disney-pato-donald-0087.jpg;200;image/jpeg;333;516;44376;8cf09754240b18f8d0a75c99cefee338810b5fa28bca861cce4b43a7b4a4fc04;confirmada;backend/src/main/resources/META-INF/resources/capas/pato-donald-abril-v1/087.jpg
88;Pato Donald, O;Abril;1;https://www.guiadosquadrinhos.com/capas/pato-donald-o/ptd0031;Rika Comic Shop;172710;https://rika.vtexassets.com/arquivos/ids/172710/-disney-pato-donald-0088.jpg;200;image/jpeg;377;601;44419;c0bcc27fcde84b885046560e7d5fda8b4811b902178f66f201d32103aeeeff18;confirmada;backend/src/main/resources/META-INF/resources/capas/pato-donald-abril-v1/088.jpg
89;Pato Donald, O;Abril;1;https://www.guiadosquadrinhos.com/capas/pato-donald-o/ptd0031;Rika Comic Shop;172711;https://rika.vtexassets.com/arquivos/ids/172711/-disney-pato-donald-0089.jpg;200;image/jpeg;346;520;54144;808b75bf4437631cf4b580b84cb313b0b33c14495706502a72e10a3a2ad6f229;confirmada;backend/src/main/resources/META-INF/resources/capas/pato-donald-abril-v1/089.jpg
90;Pato Donald, O;Abril;1;https://www.guiadosquadrinhos.com/capas/pato-donald-o/ptd0031;Rika Comic Shop;172712;https://rika.vtexassets.com/arquivos/ids/172712/-disney-pato-donald-0090.jpg;200;image/jpeg;381;603;41162;7a620efec6f4eefef452bfdca896c123f94cf69f00a68e82f3a578144a1c3dfa;confirmada;backend/src/main/resources/META-INF/resources/capas/pato-donald-abril-v1/090.jpg
91;Pato Donald, O;Abril;1;https://www.guiadosquadrinhos.com/capas/pato-donald-o/ptd0031;Rika Comic Shop;172713;https://rika.vtexassets.com/arquivos/ids/172713/-disney-pato-donald-0091.jpg;200;image/jpeg;381;603;41212;2aff46a25b4fe7230323e1bc5befb675a27c43ccf842e26efc418633cac48bff;confirmada;backend/src/main/resources/META-INF/resources/capas/pato-donald-abril-v1/091.jpg
92;Pato Donald, O;Abril;1;https://www.guiadosquadrinhos.com/capas/pato-donald-o/ptd0031;Rika Comic Shop;172714;https://rika.vtexassets.com/arquivos/ids/172714/-disney-pato-donald-0092.jpg;200;image/jpeg;381;603;31646;983cb95fd7396054814447867e2978ab2aa34fff1531763a4d8407fdb6d3d17c;confirmada;backend/src/main/resources/META-INF/resources/capas/pato-donald-abril-v1/092.jpg
93;Pato Donald, O;Abril;1;https://www.guiadosquadrinhos.com/capas/pato-donald-o/ptd0031;Rika Comic Shop;172715;https://rika.vtexassets.com/arquivos/ids/172715/-disney-pato-donald-0093.jpg;200;image/jpeg;343;526;44282;2d52e6704908b699299e685a8c9ce897fd5a90e070081b7f23673a42c4856e28;confirmada;backend/src/main/resources/META-INF/resources/capas/pato-donald-abril-v1/093.jpg
94;Pato Donald, O;Abril;1;https://www.guiadosquadrinhos.com/capas/pato-donald-o/ptd0031;Rika Comic Shop;172716;https://rika.vtexassets.com/arquivos/ids/172716/-disney-pato-donald-0094.jpg;200;image/jpeg;379;597;46053;33791569dd911bf75c1d43e6a90d12eb3329dd04773a3aa3fc007906617facb4;confirmada;backend/src/main/resources/META-INF/resources/capas/pato-donald-abril-v1/094.jpg
95;Pato Donald, O;Abril;1;https://www.guiadosquadrinhos.com/capas/pato-donald-o/ptd0031;Rika Comic Shop;172717;https://rika.vtexassets.com/arquivos/ids/172717/-disney-pato-donald-0095.jpg;200;image/jpeg;384;601;50468;64b75c643f1ecf114ea0a7e860ba6be7c0d0ed685bbc68c57d44f561fb05b048;confirmada;backend/src/main/resources/META-INF/resources/capas/pato-donald-abril-v1/095.jpg
96;Pato Donald, O;Abril;1;https://www.guiadosquadrinhos.com/capas/pato-donald-o/ptd0031;Rika Comic Shop;172718;https://rika.vtexassets.com/arquivos/ids/172718/-disney-pato-donald-0096.jpg;200;image/jpeg;381;598;36160;64e046107044656d63f8b80d9646a5e3999bac1f6447ad569393133080589a38;confirmada;backend/src/main/resources/META-INF/resources/capas/pato-donald-abril-v1/096.jpg
97;Pato Donald, O;Abril;1;https://www.guiadosquadrinhos.com/capas/pato-donald-o/ptd0031;Rika Comic Shop;172719;https://rika.vtexassets.com/arquivos/ids/172719/-disney-pato-donald-0097.jpg;200;image/jpeg;381;598;42476;3f4fd17e840576d3826379cb56f9fed703f3f22763fd5af01217f0751a39a8e7;confirmada;backend/src/main/resources/META-INF/resources/capas/pato-donald-abril-v1/097.jpg
98;Pato Donald, O;Abril;1;https://www.guiadosquadrinhos.com/capas/pato-donald-o/ptd0031;Rika Comic Shop;172720;https://rika.vtexassets.com/arquivos/ids/172720/-disney-pato-donald-0098.jpg;200;image/jpeg;377;601;44956;949b28533d1e19d6faf32512b4ca3e7636c4eb30009c220e1fe2675f43f58ee1;confirmada;backend/src/main/resources/META-INF/resources/capas/pato-donald-abril-v1/098.jpg
99;Pato Donald, O;Abril;1;https://www.guiadosquadrinhos.com/capas/pato-donald-o/ptd0031;Rika Comic Shop;172721;https://rika.vtexassets.com/arquivos/ids/172721/-disney-pato-donald-0099.jpg;200;image/jpeg;384;601;45464;e4973ee694bce9f25e0aa83a59567b2c4d0a2184fd14f8780a378e6b3a14af49;confirmada;backend/src/main/resources/META-INF/resources/capas/pato-donald-abril-v1/099.jpg
100;Pato Donald, O;Abril;1;https://www.guiadosquadrinhos.com/capas/pato-donald-o/ptd0031;Rika Comic Shop;172722;https://rika.vtexassets.com/arquivos/ids/172722/-disney-pato-donald-0100.jpg;200;image/jpeg;387;601;51236;f0b2cffa212911cea76594ff21872404d49eef4e556268492380eb0e9967a1da;confirmada;backend/src/main/resources/META-INF/resources/capas/pato-donald-abril-v1/100.jpg
101;Pato Donald, O;Abril;1;https://www.guiadosquadrinhos.com/capas/pato-donald-o/ptd0031;Rika Comic Shop;172723;https://rika.vtexassets.com/arquivos/ids/172723/-disney-pato-donald-0101.jpg;200;image/jpeg;345;526;48432;3c841cb6879ad9532fba5d4590253c4193ade8271b7b8a3bcde6666bbdb7e4b9;confirmada;backend/src/main/resources/META-INF/resources/capas/pato-donald-abril-v1/101.jpg
102;Pato Donald, O;Abril;1;https://www.guiadosquadrinhos.com/capas/pato-donald-o/ptd0031;Rika Comic Shop;172724;https://rika.vtexassets.com/arquivos/ids/172724/-disney-pato-donald-0102.jpg;200;image/jpeg;380;601;45045;0d4668244d19ed35b678fe8fae6e43800bc979ece3f35015400d62be9b9ed1f9;confirmada;backend/src/main/resources/META-INF/resources/capas/pato-donald-abril-v1/102.jpg
103;Pato Donald, O;Abril;1;https://www.guiadosquadrinhos.com/capas/pato-donald-o/ptd0031;Rika Comic Shop;172725;https://rika.vtexassets.com/arquivos/ids/172725/-disney-pato-donald-0103.jpg;200;image/jpeg;387;601;43521;9cf153937782d2d02cd4395e5e38d46735c26930232baf33d1aaaceb392a23f8;confirmada;backend/src/main/resources/META-INF/resources/capas/pato-donald-abril-v1/103.jpg
104;Pato Donald, O;Abril;1;https://www.guiadosquadrinhos.com/capas/pato-donald-o/ptd0031;Rika Comic Shop;172726;https://rika.vtexassets.com/arquivos/ids/172726/-disney-pato-donald-0104.jpg;200;image/jpeg;384;601;39944;c3b4b21d32e977ce930b06ab27a608e52996c63d8e6dc06cf6c3c8fe295c39c9;confirmada;backend/src/main/resources/META-INF/resources/capas/pato-donald-abril-v1/104.jpg
105;Pato Donald, O;Abril;1;https://www.guiadosquadrinhos.com/capas/pato-donald-o/ptd0031;Rika Comic Shop;172727;https://rika.vtexassets.com/arquivos/ids/172727/-disney-pato-donald-0105.jpg;200;image/jpeg;387;601;47382;2e413316a0804851d2dbe1944eca7d91faff687fc930bf070a34e38af30f7e41;confirmada;backend/src/main/resources/META-INF/resources/capas/pato-donald-abril-v1/105.jpg
106;Pato Donald, O;Abril;1;https://www.guiadosquadrinhos.com/capas/pato-donald-o/ptd0031;Rika Comic Shop;172728;https://rika.vtexassets.com/arquivos/ids/172728/-disney-pato-donald-0106.jpg;200;image/jpeg;387;601;37067;e7e850c4897de65dfdb9c0ed11172fe3ed748b9ad5c4b7e4ee32ab297ea88842;confirmada;backend/src/main/resources/META-INF/resources/capas/pato-donald-abril-v1/106.jpg
107;Pato Donald, O;Abril;1;https://www.guiadosquadrinhos.com/capas/pato-donald-o/ptd0031;Rika Comic Shop;172729;https://rika.vtexassets.com/arquivos/ids/172729/-disney-pato-donald-0107.jpg;200;image/jpeg;387;596;46551;d16bb43a56b3906afe104310e12b9a108e25dee928c97649e33013f80bdb4a76;confirmada;backend/src/main/resources/META-INF/resources/capas/pato-donald-abril-v1/107.jpg
108;Pato Donald, O;Abril;1;https://www.guiadosquadrinhos.com/capas/pato-donald-o/ptd0031;Rika Comic Shop;172730;https://rika.vtexassets.com/arquivos/ids/172730/-disney-pato-donald-0108.jpg;200;image/jpeg;343;524;47987;8676b535753b8d7a851fba5f9de2daa0b59277c6b1c030f2c41f6e320411cf70;confirmada;backend/src/main/resources/META-INF/resources/capas/pato-donald-abril-v1/108.jpg
109;Pato Donald, O;Abril;1;https://www.guiadosquadrinhos.com/capas/pato-donald-o/ptd0031;Rika Comic Shop;172731;https://rika.vtexassets.com/arquivos/ids/172731/-disney-pato-donald-0109.jpg;200;image/jpeg;384;601;44186;90b4a432e937cbea44a7bc0d0b55c6506fbaaaa1a12c5227ec83525b07d01dd9;confirmada;backend/src/main/resources/META-INF/resources/capas/pato-donald-abril-v1/109.jpg
110;Pato Donald, O;Abril;1;https://www.guiadosquadrinhos.com/capas/pato-donald-o/ptd0031;Rika Comic Shop;172732;https://rika.vtexassets.com/arquivos/ids/172732/-disney-pato-donald-0110.jpg;200;image/jpeg;340;512;49771;99211a51de3303b8801f043e9296521d3ef44a6b54f8b13984c89921e24a3e9d;confirmada;backend/src/main/resources/META-INF/resources/capas/pato-donald-abril-v1/110.jpg
111;Pato Donald, O;Abril;1;https://www.guiadosquadrinhos.com/capas/pato-donald-o/ptd0031;Rika Comic Shop;172733;https://rika.vtexassets.com/arquivos/ids/172733/-disney-pato-donald-0111.jpg;200;image/jpeg;384;594;44903;0e8ce1a2847b37e6c55259ae3e19ed14a879d65e56d75e4237cb5f210095aa48;confirmada;backend/src/main/resources/META-INF/resources/capas/pato-donald-abril-v1/111.jpg
112;Pato Donald, O;Abril;1;https://www.guiadosquadrinhos.com/capas/pato-donald-o/ptd0031;Rika Comic Shop;172734;https://rika.vtexassets.com/arquivos/ids/172734/-disney-pato-donald-0112.jpg;200;image/jpeg;380;601;46207;deac9b88fb3add4a19d7fdfb1384e4e2ece71374ad1befe98fe5343c1937e772;confirmada;backend/src/main/resources/META-INF/resources/capas/pato-donald-abril-v1/112.jpg
113;Pato Donald, O;Abril;1;https://www.guiadosquadrinhos.com/capas/pato-donald-o/ptd0031;Rika Comic Shop;172735;https://rika.vtexassets.com/arquivos/ids/172735/-disney-pato-donald-0113.jpg;200;image/jpeg;384;587;42979;abc38502dcf3f4a7bb8a5421978451287ed0b474e0be5baa7f1b6b9b17747f54;confirmada;backend/src/main/resources/META-INF/resources/capas/pato-donald-abril-v1/113.jpg
114;Pato Donald, O;Abril;1;https://www.guiadosquadrinhos.com/capas/pato-donald-o/ptd0031;Rika Comic Shop;172736;https://rika.vtexassets.com/arquivos/ids/172736/-disney-pato-donald-0114.jpg;200;image/jpeg;337;517;41293;58ad2fa7eb3a5b2fc86867a32087bf1dda9bffe11af030c637bed96b6663e29e;confirmada;backend/src/main/resources/META-INF/resources/capas/pato-donald-abril-v1/114.jpg
115;Pato Donald, O;Abril;1;https://www.guiadosquadrinhos.com/capas/pato-donald-o/ptd0031;Rika Comic Shop;172737;https://rika.vtexassets.com/arquivos/ids/172737/-disney-pato-donald-0115.jpg;200;image/jpeg;341;516;47192;f97f9b0c7368d7560d7191f6bfa3aaa896a93ddb4173a040db81f44e94ce47f4;confirmada;backend/src/main/resources/META-INF/resources/capas/pato-donald-abril-v1/115.jpg
116;Pato Donald, O;Abril;1;https://www.guiadosquadrinhos.com/capas/pato-donald-o/ptd0031;Rika Comic Shop;172738;https://rika.vtexassets.com/arquivos/ids/172738/-disney-pato-donald-0116.jpg;200;image/jpeg;381;598;45297;89244cdd4771fd088042182b1a309e49cf7e751c61eb3166dc3268d69368f954;confirmada;backend/src/main/resources/META-INF/resources/capas/pato-donald-abril-v1/116.jpg
117;Pato Donald, O;Abril;1;https://www.guiadosquadrinhos.com/capas/pato-donald-o/ptd0031;Rika Comic Shop;172739;https://rika.vtexassets.com/arquivos/ids/172739/-disney-pato-donald-0117.jpg;200;image/jpeg;381;598;49545;bcc708942a4545d105f0b355c0b96da6499a5d28ae8c96d82eeec6a1a24a92e4;confirmada;backend/src/main/resources/META-INF/resources/capas/pato-donald-abril-v1/117.jpg
118;Pato Donald, O;Abril;1;https://www.guiadosquadrinhos.com/capas/pato-donald-o/ptd0031;Rika Comic Shop;172740;https://rika.vtexassets.com/arquivos/ids/172740/-disney-pato-donald-0118.jpg;200;image/jpeg;339;519;49668;667aea91844c0070c8c7b6e87a9c14bb47c00b734e5462fa2f6745ac3bc2a5be;confirmada;backend/src/main/resources/META-INF/resources/capas/pato-donald-abril-v1/118.jpg
119;Pato Donald, O;Abril;1;https://www.guiadosquadrinhos.com/capas/pato-donald-o/ptd0031;Rika Comic Shop;172741;https://rika.vtexassets.com/arquivos/ids/172741/-disney-pato-donald-0119.jpg;200;image/jpeg;345;522;48116;438c4a9cd4ae287f254b12e644bb7c244476a1aad6f077c7f4f433ef906e0bd5;confirmada;backend/src/main/resources/META-INF/resources/capas/pato-donald-abril-v1/119.jpg
120;Pato Donald, O;Abril;1;https://www.guiadosquadrinhos.com/capas/pato-donald-o/ptd0031;Rika Comic Shop;172742;https://rika.vtexassets.com/arquivos/ids/172742/-disney-pato-donald-0120.jpg;200;image/jpeg;381;598;42205;e96ff79b6e12678e79a8195d8afc75e6da7d9282b7252b51648a7a9ca1dadd1b;confirmada;backend/src/main/resources/META-INF/resources/capas/pato-donald-abril-v1/120.jpg
121;Pato Donald, O;Abril;1;https://www.guiadosquadrinhos.com/capas/pato-donald-o/ptd0031;Rika Comic Shop;172743;https://rika.vtexassets.com/arquivos/ids/172743/-disney-pato-donald-0121.jpg;200;image/jpeg;381;598;42912;d661f9a71b728f6d19e259a401ec58ef281e8f0ce85525efe25d22fc6fd41586;confirmada;backend/src/main/resources/META-INF/resources/capas/pato-donald-abril-v1/121.jpg
122;Pato Donald, O;Abril;1;https://www.guiadosquadrinhos.com/capas/pato-donald-o/ptd0031;Rika Comic Shop;172744;https://rika.vtexassets.com/arquivos/ids/172744/-disney-pato-donald-0122.jpg;200;image/jpeg;381;598;46386;f570951c0c2f1934fd7b7ddee3ec4598c7890f1c88f6df950766d0a21a94f1db;confirmada;backend/src/main/resources/META-INF/resources/capas/pato-donald-abril-v1/122.jpg
123;Pato Donald, O;Abril;1;https://www.guiadosquadrinhos.com/capas/pato-donald-o/ptd0031;Rika Comic Shop;172745;https://rika.vtexassets.com/arquivos/ids/172745/-disney-pato-donald-0123.jpg;200;image/jpeg;341;522;42010;c213cc2a5752b2f5c764a1497c35830f9c49b55bfb69abddf1834822a4906e76;confirmada;backend/src/main/resources/META-INF/resources/capas/pato-donald-abril-v1/123.jpg
124;Pato Donald, O;Abril;1;https://www.guiadosquadrinhos.com/capas/pato-donald-o/ptd0031;Rika Comic Shop;172746;https://rika.vtexassets.com/arquivos/ids/172746/-disney-pato-donald-0124.jpg;200;image/jpeg;340;516;48279;954e30381ba6d31271f19e85191df478975b335b83fbc3ad04b35110b024de07;confirmada;backend/src/main/resources/META-INF/resources/capas/pato-donald-abril-v1/124.jpg
125;Pato Donald, O;Abril;1;https://www.guiadosquadrinhos.com/capas/pato-donald-o/ptd0031;Rika Comic Shop;172747;https://rika.vtexassets.com/arquivos/ids/172747/-disney-pato-donald-0125.jpg;200;image/jpeg;381;598;41699;f13a758b06763d354ff37347a646b4e8f996f1cf78f91b593110d0882fa90c2c;confirmada;backend/src/main/resources/META-INF/resources/capas/pato-donald-abril-v1/125.jpg
126;Pato Donald, O;Abril;1;https://www.guiadosquadrinhos.com/capas/pato-donald-o/ptd0031;Rika Comic Shop;172748;https://rika.vtexassets.com/arquivos/ids/172748/-disney-pato-donald-0126.jpg;200;image/jpeg;381;598;46448;702f70f3860263cffa4915536c0f4c5699d3ad3e822138404a9dc31ab9c2c305;confirmada;backend/src/main/resources/META-INF/resources/capas/pato-donald-abril-v1/126.jpg
127;Pato Donald, O;Abril;1;https://www.guiadosquadrinhos.com/capas/pato-donald-o/ptd0031;Rika Comic Shop;172749;https://rika.vtexassets.com/arquivos/ids/172749/-disney-pato-donald-0127.jpg;200;image/jpeg;343;520;45518;f5d82867bd2ce91051546c566de5981e6723af6fbd3faaa43634c578f123a2e0;confirmada;backend/src/main/resources/META-INF/resources/capas/pato-donald-abril-v1/127.jpg
128;Pato Donald, O;Abril;1;https://www.guiadosquadrinhos.com/capas/pato-donald-o/ptd0031;Rika Comic Shop;172750;https://rika.vtexassets.com/arquivos/ids/172750/-disney-pato-donald-0128.jpg;200;image/jpeg;381;598;38906;485bb7c3713db4a140f06b5ee29fbe63f304a8a5d0da43695f29f09f12f6b7f2;confirmada;backend/src/main/resources/META-INF/resources/capas/pato-donald-abril-v1/128.jpg
129;Pato Donald, O;Abril;1;https://www.guiadosquadrinhos.com/capas/pato-donald-o/ptd0031;Rika Comic Shop;172751;https://rika.vtexassets.com/arquivos/ids/172751/-disney-pato-donald-0129.jpg;200;image/jpeg;381;591;37259;a8704d1769b15135c4e98c8763540a42940da57ede444641658a0af4c610704d;confirmada;backend/src/main/resources/META-INF/resources/capas/pato-donald-abril-v1/129.jpg
130;Pato Donald, O;Abril;1;https://www.guiadosquadrinhos.com/capas/pato-donald-o/ptd0031;Rika Comic Shop;172752;https://rika.vtexassets.com/arquivos/ids/172752/-disney-pato-donald-0130.jpg;200;image/jpeg;326;516;39771;b51f61ce3b3d3869872e78771d74d5a138edaef5b7a5b5d7bd127cfe184d4ca2;confirmada;backend/src/main/resources/META-INF/resources/capas/pato-donald-abril-v1/130.jpg
131;Pato Donald, O;Abril;1;https://www.guiadosquadrinhos.com/capas/pato-donald-o/ptd0031;Rika Comic Shop;172753;https://rika.vtexassets.com/arquivos/ids/172753/-disney-pato-donald-0131.jpg;200;image/jpeg;341;516;40482;5db0b30cf00aa59ed374498c181114ed99ee8aca89f1446ebbc5e763b5a3bf58;confirmada;backend/src/main/resources/META-INF/resources/capas/pato-donald-abril-v1/131.jpg
132;Pato Donald, O;Abril;1;https://www.guiadosquadrinhos.com/capas/pato-donald-o/ptd0031;Rika Comic Shop;172754;https://rika.vtexassets.com/arquivos/ids/172754/-disney-pato-donald-0132.jpg;200;image/jpeg;390;603;38360;24d55e716f5dcee7de3fe7a6d311a8ac285a4b9872102610119f44a70cdceb54;confirmada;backend/src/main/resources/META-INF/resources/capas/pato-donald-abril-v1/132.jpg
133;Pato Donald, O;Abril;1;https://www.guiadosquadrinhos.com/capas/pato-donald-o/ptd0031;Rika Comic Shop;172755;https://rika.vtexassets.com/arquivos/ids/172755/-disney-pato-donald-0133.jpg;200;image/jpeg;343;517;34988;e6602eaedaae4a110ab55226384a8408e239f673bdd8a7a51385b5982b5d6787;confirmada;backend/src/main/resources/META-INF/resources/capas/pato-donald-abril-v1/133.jpg
134;Pato Donald, O;Abril;1;https://www.guiadosquadrinhos.com/capas/pato-donald-o/ptd0031;Rika Comic Shop;172756;https://rika.vtexassets.com/arquivos/ids/172756/-disney-pato-donald-0134.jpg;200;image/jpeg;339;521;48327;73cae7662cc57c69eff3d1000516a42eab32f1a06d8118d798ab7e67f6cec9f9;confirmada;backend/src/main/resources/META-INF/resources/capas/pato-donald-abril-v1/134.jpg
135;Pato Donald, O;Abril;1;https://www.guiadosquadrinhos.com/capas/pato-donald-o/ptd0031;Rika Comic Shop;172757;https://rika.vtexassets.com/arquivos/ids/172757/-disney-pato-donald-0135.jpg;200;image/jpeg;339;522;35865;6a5a16a819663308ce6edb6f6dda9fbb50461c26086d87d527adcc0bb0f4788d;confirmada;backend/src/main/resources/META-INF/resources/capas/pato-donald-abril-v1/135.jpg
136;Pato Donald, O;Abril;1;https://www.guiadosquadrinhos.com/capas/pato-donald-o/ptd0031;Rika Comic Shop;172758;https://rika.vtexassets.com/arquivos/ids/172758/-disney-pato-donald-0136.jpg;200;image/jpeg;381;598;40123;313da96401caae5853feeccf8f1f576373fc51d28eaac3199f447d86ec70fe74;confirmada;backend/src/main/resources/META-INF/resources/capas/pato-donald-abril-v1/136.jpg
137;Pato Donald, O;Abril;1;https://www.guiadosquadrinhos.com/capas/pato-donald-o/ptd0031;Rika Comic Shop;172759;https://rika.vtexassets.com/arquivos/ids/172759/-disney-pato-donald-0137.jpg;200;image/jpeg;341;519;41694;a92b1208da82ac554a1f2dfc25d4c3d0866adc816a656b199f7af33df15d3a0f;confirmada;backend/src/main/resources/META-INF/resources/capas/pato-donald-abril-v1/137.jpg
138;Pato Donald, O;Abril;1;https://www.guiadosquadrinhos.com/capas/pato-donald-o/ptd0031;Rika Comic Shop;172760;https://rika.vtexassets.com/arquivos/ids/172760/-disney-pato-donald-0138.jpg;200;image/jpeg;341;515;44161;04824044529af8367f07b35d3c7ffca9e4322d1c548554e1f8b8f63d85c4b7b7;confirmada;backend/src/main/resources/META-INF/resources/capas/pato-donald-abril-v1/138.jpg
139;Pato Donald, O;Abril;1;https://www.guiadosquadrinhos.com/capas/pato-donald-o/ptd0031;Rika Comic Shop;172761;https://rika.vtexassets.com/arquivos/ids/172761/-disney-pato-donald-0139.jpg;200;image/jpeg;339;516;46015;008e1f2ac5756b3e07abe8e54a030d49e007e2c349f4ac49f2c584afe0e3635c;confirmada;backend/src/main/resources/META-INF/resources/capas/pato-donald-abril-v1/139.jpg
140;Pato Donald, O;Abril;1;https://www.guiadosquadrinhos.com/capas/pato-donald-o/ptd0031;Rika Comic Shop;172762;https://rika.vtexassets.com/arquivos/ids/172762/-disney-pato-donald-0140.jpg;200;image/jpeg;339;522;43043;ec069611fdc8f2f5f6917aab8981d5d1725fe3126bea5bd7ab250a5eb33816c7;confirmada;backend/src/main/resources/META-INF/resources/capas/pato-donald-abril-v1/140.jpg
141;Pato Donald, O;Abril;1;https://www.guiadosquadrinhos.com/capas/pato-donald-o/ptd0031;Rika Comic Shop;172763;https://rika.vtexassets.com/arquivos/ids/172763/-disney-pato-donald-0141.jpg;200;image/jpeg;331;518;47033;f2612d7eb1c8ce640739420c2645706fb404967b755a2caa150e1a58239f3aa3;confirmada;backend/src/main/resources/META-INF/resources/capas/pato-donald-abril-v1/141.jpg
142;Pato Donald, O;Abril;1;https://www.guiadosquadrinhos.com/capas/pato-donald-o/ptd0031;Rika Comic Shop;172764;https://rika.vtexassets.com/arquivos/ids/172764/-disney-pato-donald-0142.jpg;200;image/jpeg;378;594;37303;85c064d8268bf7bcc0ee36406ef284fe78e5b837d964f03a683d44a8d99c7f97;confirmada;backend/src/main/resources/META-INF/resources/capas/pato-donald-abril-v1/142.jpg
143;Pato Donald, O;Abril;1;https://www.guiadosquadrinhos.com/capas/pato-donald-o/ptd0031;Rika Comic Shop;172765;https://rika.vtexassets.com/arquivos/ids/172765/-disney-pato-donald-0143.jpg;200;image/jpeg;381;598;39643;a97291a2c351c32ef1590ff72a7b7696ec0ce2acfdaf7c69038502f07ea24be6;confirmada;backend/src/main/resources/META-INF/resources/capas/pato-donald-abril-v1/143.jpg
144;Pato Donald, O;Abril;1;https://www.guiadosquadrinhos.com/capas/pato-donald-o/ptd0031;Rika Comic Shop;172766;https://rika.vtexassets.com/arquivos/ids/172766/-disney-pato-donald-0144.jpg;200;image/jpeg;343;518;41222;42fbe787b9452c8166b731c6536b5e322e436e30ae1564188ef8f2772c65a234;confirmada;backend/src/main/resources/META-INF/resources/capas/pato-donald-abril-v1/144.jpg
145;Pato Donald, O;Abril;1;https://www.guiadosquadrinhos.com/capas/pato-donald-o/ptd0031;Rika Comic Shop;172767;https://rika.vtexassets.com/arquivos/ids/172767/-disney-pato-donald-0145.jpg;200;image/jpeg;337;514;43786;ab92e569841f25b28f5c6ed15324e26ef528539eabd7f7381292b41c909e8444;confirmada;backend/src/main/resources/META-INF/resources/capas/pato-donald-abril-v1/145.jpg
