numero;titulo_colecao;editora;volume;referencia_catalogo;pagina_edicao;id_edicao_guia;url_imagem;content_type;largura;altura;bytes;sha256;arquivo
1;A Saga dos Vingadores;Panini;1;https://www.guiadosquadrinhos.com/capas/saga-dos-vingadores-a/sa011140;https://www.guiadosquadrinhos.com/edicao/saga-dos-vingadores-a-n-1/sa011140/174305;174305;https://www.guiadosquadrinhos.com/edicao/ShowImage.aspx?id=174305&path=sa01114001_174305.jpg&w=400&h=600;image/jpeg;400;600;73559;f33834c2583e90f8c283ddd1839233956b0c7c748b5fc904570fb8b11f24ddab;backend/src/main/resources/META-INF/resources/capas/saga-dos-vingadores-panini-v1/01.jpg
2;A Saga dos Vingadores;Panini;1;https://www.guiadosquadrinhos.com/capas/saga-dos-vingadores-a/sa011140;https://www.guiadosquadrinhos.com/edicao/saga-dos-vingadores-a-n-2/sa011140/174996;174996;https://www.guiadosquadrinhos.com/edicao/ShowImage.aspx?id=174996&path=sa01114002_174996.jpg&w=400&h=623;image/jpeg;400;623;91850;54855a22567f6ae48efd78f71aa739bdb0f6a312fe207baa7bf8ed26ad0f676f;backend/src/main/resources/META-INF/resources/capas/saga-dos-vingadores-panini-v1/02.jpg
3;A Saga dos Vingadores;Panini;1;https://www.guiadosquadrinhos.com/capas/saga-dos-vingadores-a/sa011140;https://www.guiadosquadrinhos.com/edicao/saga-dos-vingadores-a-n-3/sa011140/175505;175505;https://www.guiadosquadrinhos.com/edicao/ShowImage.aspx?id=175505&path=sa01114003_175505.jpg&w=400&h=620;image/jpeg;400;620;90302;a070c0a980df71a840f400e1671b20f7803fd30817aac8a97508899c22e24b06;backend/src/main/resources/META-INF/resources/capas/saga-dos-vingadores-panini-v1/03.jpg
4;A Saga dos Vingadores;Panini;1;https://www.guiadosquadrinhos.com/capas/saga-dos-vingadores-a/sa011140;https://www.guiadosquadrinhos.com/edicao/saga-dos-vingadores-a-n-4/sa011140/176565;176565;https://www.guiadosquadrinhos.com/edicao/ShowImage.aspx?id=176565&path=sa01114004_176565.jpg&w=400&h=616;image/jpeg;400;616;85815;0d6ce0665533822062670ee29fe65d9610f3221fa6cc6fa7cd12cbeb81ee93fc;backend/src/main/resources/META-INF/resources/capas/saga-dos-vingadores-panini-v1/04.jpg
5;A Saga dos Vingadores;Panini;1;https://www.guiadosquadrinhos.com/capas/saga-dos-vingadores-a/sa011140;https://www.guiadosquadrinhos.com/edicao/saga-dos-vingadores-a-n-5/sa011140/177236;177236;https://www.guiadosquadrinhos.com/edicao/ShowImage.aspx?id=177236&path=sa01114005_177236.jpg&w=400&h=625;image/jpeg;400;625;83501;a8e5cfeedf46d303bfcf22b38cf10ea7464f4a9b2a3218cc62c48d79e8fa1719;backend/src/main/resources/META-INF/resources/capas/saga-dos-vingadores-panini-v1/05.jpg
6;A Saga dos Vingadores;Panini;1;https://www.guiadosquadrinhos.com/capas/saga-dos-vingadores-a/sa011140;https://www.guiadosquadrinhos.com/edicao/saga-dos-vingadores-a-n-6/sa011140/178235;178235;https://www.guiadosquadrinhos.com/edicao/ShowImage.aspx?id=178235&path=sa01114006_178235.jpg&w=400&h=617;image/jpeg;400;617;82894;4c93c3e3d28fa018968d23232c4a4ba36482bd4b9729e1c1e03b2ef4d41e07f4;backend/src/main/resources/META-INF/resources/capas/saga-dos-vingadores-panini-v1/06.jpg
7;A Saga dos Vingadores;Panini;1;https://www.guiadosquadrinhos.com/capas/saga-dos-vingadores-a/sa011140;https://www.guiadosquadrinhos.com/edicao/saga-dos-vingadores-a-n-7/sa011140/178920;178920;https://www.guiadosquadrinhos.com/edicao/ShowImage.aspx?id=178920&path=sa01114007_178920.jpg&w=400&h=612;image/jpeg;400;612;96991;a5ac900cf44eeca5822146997aef1c377e99853ca74ecdfda79629356d1971f5;backend/src/main/resources/META-INF/resources/capas/saga-dos-vingadores-panini-v1/07.jpg
8;A Saga dos Vingadores;Panini;1;https://www.guiadosquadrinhos.com/capas/saga-dos-vingadores-a/sa011140;https://www.guiadosquadrinhos.com/edicao/saga-dos-vingadores-a-n-8/sa011140/180745;180745;https://www.guiadosquadrinhos.com/edicao/ShowImage.aspx?id=180745&path=sa01114008_180745.jpg&w=400&h=623;image/jpeg;400;623;93938;ca9f593ee6e0b066ee4f5e3bcd41b45da0c6edcd0d2e3da72f4154785f084139;backend/src/main/resources/META-INF/resources/capas/saga-dos-vingadores-panini-v1/08.jpg
9;A Saga dos Vingadores;Panini;1;https://www.guiadosquadrinhos.com/capas/saga-dos-vingadores-a/sa011140;https://www.guiadosquadrinhos.com/edicao/saga-dos-vingadores-a-n-9/sa011140/181475;181475;https://www.guiadosquadrinhos.com/edicao/ShowImage.aspx?id=181475&path=sa01114009_181475.jpg&w=400&h=604;image/jpeg;400;604;79950;ae4da25d95efe116696df14058797ce086ea7f3e786e46c51efe5418103a4325;backend/src/main/resources/META-INF/resources/capas/saga-dos-vingadores-panini-v1/09.jpg
10;A Saga dos Vingadores;Panini;1;https://www.guiadosquadrinhos.com/capas/saga-dos-vingadores-a/sa011140;https://www.guiadosquadrinhos.com/edicao/saga-dos-vingadores-a-n-10/sa011140/183522;183522;https://www.guiadosquadrinhos.com/edicao/ShowImage.aspx?id=183522&path=sa011140010_183522.jpg&w=400&h=617;image/jpeg;400;617;82873;d44ca50d5fe12c93f70d0054cc7fd85a4022e82b3f70c7886a95e7a35a59f314;backend/src/main/resources/META-INF/resources/capas/saga-dos-vingadores-panini-v1/10.jpg
